Data,Otwarcie,Najwyzszy,Najnizszy,Zamkniecie
2018-01-02,13495,15221,12953,14859
2018-01-03,14837,15385,14599,14881
2018-01-04,14859,15385,14225,15038
2018-01-05,15038,16556,14815,16556
2018-01-08,16420,16420,13966,14684
2018-01-09,14684,15361,14164,14409
2018-01-10,14430,14684,13459,14451
2018-01-11,14493,14948,12853,13089
2018-01-12,13106,14104,12887,13908
2018-01-15,13569,14306,13405,13812
2018-01-16,13793,13812,10060,11062
2018-01-17,11123,11751,9199.63,11086
2018-01-18,11111,12048,10661,11287
2018-01-19,11287,11962,10989,11390
2018-01-22,11211,11862,10050,10661
2018-01-23,10672,11364,9970.09,11050
2018-01-24,11050,11468,10493,11099
2018-01-25,11099,11710,10893,11161
2018-01-26,11161,11614,10320,10965
2018-01-29,11696,11765,11013,11050
2018-01-30,11062,11211,9813.54,10194
2018-01-31,10173,10331,9624.64,10081
2018-02-01,10070,10204,8561.64,8992.81
2018-02-02,8976.66,9157.51,7692.31,8576.33
2018-02-05,8410.43,8417.51,6583.28,6844.63
2018-02-06,6807.35,7955.45,5948.84,7645.26
2018-02-07,7645.26,8583.69,7209.81,7867.82
2018-02-08,7855.46,8620.69,7547.17,8223.68
2018-02-09,8216.93,8718.4,7751.94,8561.64
2018-02-12,8305.65,8904.72,8032.13,8880.99
2018-02-13,8888.89,8976.66,8368.2,8539.71
2018-02-14,8554.32,9433.96,8481.76,9433.96
2018-02-15,9442.87,10215,9354.54,10070
2018-02-16,10091,10299,9718.17,10010
2018-02-19,10582,11261,10309,11086
2018-02-20,11074,11765,11062,11429
2018-02-21,11364,11403,10246,10449
2018-02-22,10449,10917,9727.63,9960.16
2018-02-23,9960.16,10395,9596.93,9980.04
2018-02-26,9671.18,10438,9389.67,10352
2018-02-27,10352,10858,10142,10741
2018-02-28,10730,11050,10384,10428
2018-03-01,10417,11074,10225,10965
2018-03-02,10965,11161,10787,11050
2018-03-05,11390,11655,11390,11561
2018-03-06,11561,11587,10582,10764
2018-03-07,10764,10893,9469.7,9930.49
2018-03-08,9940.36,10101,9074.41,9276.44
2018-03-09,9267.84,9407.34,8368.2,8992.81
2018-03-12,9514.75,9881.42,8779.63,9049.77
2018-03-13,9041.59,9478.67,8857.4,9157.51
2018-03-14,9157.51,9310.99,7955.45,8169.93
2018-03-15,8176.61,8410.43,7674.6,8326.39
2018-03-16,8326.39,8598.45,7923.93,8525.15
2018-03-19,8149.96,8703.22,8130.08,8496.18
2018-03-20,8503.4,9033.42,8326.39,8952.55
2018-03-21,8952.55,9157.51,8764.24,8849.56
2018-03-22,8833.92,9082.65,8496.18,8695.65
2018-03-23,8695.65,8764.24,8298.76,8620.69
2018-03-26,8628.13,8643.04,7861.64,7886.44
2018-03-27,7886.44,8250.83,7751.94,8000
2018-03-28,8000,8097.17,7745.93,7874.02
2018-03-29,7874.02,8000,6915.63,7052.19
2018-03-30,7067.14,7326.01,6591.96,6816.63
2018-04-02,6825.94,7107.32,6761.33,6983.24
2018-04-03,6978.37,7507.51,6978.37,7429.42
2018-04-04,7434.94,7440.48,6729.48,6830.6
2018-04-05,6821.28,6920.42,6583.28,6724.95
2018-04-06,6720.43,6849.32,6514.66,6622.52
2018-04-09,6993.01,7168.46,6618.13,6715.92
2018-04-10,6715.92,6858.71,6657.79,6854.01
2018-04-11,6854.01,6958.94,6788.87,6901.31
2018-04-12,6901.31,8058.02,6765.9,7824.73
2018-04-13,7830.85,8216.93,7757.95,8097.17
2018-04-16,8305.65,8410.43,7911.39,7993.61
2018-04-17,8000,8149.96,7836.99,7911.39
2018-04-18,7911.39,8210.18,7867.82,8190.01
2018-04-19,8190.01,8291.87,8103.73,8271.3
2018-04-20,8271.3,8554.32,8223.68,8517.89
2018-04-23,8912.66,8984.73,8764.24,8936.55
2018-04-24,8936.55,9487.67,8912.66,9469.7
2018-04-25,9469.7,9746.59,8733.62,9165.9
2018-04-26,9165.9,9174.31,8658.01,9090.91
2018-04-27,9099.18,9372.07,9090.91,9090.91
2018-04-30,9310.99,9442.87,9124.09,9216.59
2018-05-01,9216.59,9285.05,8841.73,9074.41
2018-05-02,9074.41,9259.26,8984.73,9233.61
2018-05-03,9233.61,9727.63,9165.9,9652.51
2018-05-04,9652.51,9794.32,9541.98,9652.51
2018-05-07,9523.81,9633.91,9191.18,9389.67
2018-05-08,9389.67,9451.8,9049.77,9182.74
2018-05-09,9182.74,9363.3,8976.66,9242.14
2018-05-10,9242.14,9380.86,9057.97,9099.18
2018-05-11,9107.47,9107.47,8510.64,8605.85
2018-05-14,8658.01,8880.99,8298.76,8726
2018-05-15,8733.62,8833.92,8438.82,8496.18
2018-05-16,8488.96,8539.71,8110.3,8285
2018-05-17,8285,8460.24,8130.08,8149.96
2018-05-18,8149.96,8271.3,7930.21,8230.45
2018-05-21,8517.89,8568.98,8326.39,8382.23
2018-05-22,8382.23,8417.51,8051.53,8071.03
2018-05-23,8071.03,8097.17,7440.48,7639.42
2018-05-24,7639.42,7722.01,7272.73,7530.12
2018-05-25,7530.12,7651.11,7347.54,7423.9
2018-05-28,7331.38,7429.42,7147.96,7163.32
2018-05-29,7163.32,7518.8,7052.19,7490.64
2018-05-30,7496.25,7552.87,7288.63,7336.76
2018-05-31,7336.76,7598.78,7336.76,7547.17
2018-06-01,7547.17,7598.78,7352.94,7434.94
2018-06-04,7692.31,7751.94,7457.12,7535.8
2018-06-05,7535.8,7651.11,7374.63,7587.25
2018-06-06,7593.01,7692.31,7496.25,7662.84
2018-06-07,7662.84,7751.94,7639.42,7662.84
2018-06-08,7656.97,7692.31,7547.17,7639.42
2018-06-11,6747.64,6816.63,6653.36,6770.48
2018-06-12,6770.48,6896.55,6455.78,6548.79
2018-06-13,6540.22,6609.39,6134.97,6277.46
2018-06-14,6277.46,6697.92,6273.53,6648.94
2018-06-15,6648.94,6662.23,6480.88,6548.79
2018-06-18,6497.73,6793.48,6389.78,6715.92
2018-06-19,6715.92,6825.94,6675.57,6720.43
2018-06-20,6720.43,6807.35,6561.68,6720.43
2018-06-21,6720.43,6784.26,6684.49,6706.91
2018-06-22,6711.41,6743.09,6082.73,6195.79
2018-06-25,6157.64,6317.12,6086.43,6261.74
2018-06-26,6261.74,6269.59,6134.97,6222.78
2018-06-27,6218.91,6218.91,6006.01,6119.95
2018-06-28,6119.95,6176.65,5910.17,5917.16
2018-06-29,5917.16,5952.38,5800.46,5882.35
2018-07-02,6365.37,6666.67,6277.46,6644.52
2018-07-03,6644.52,6666.67,6540.22,6609.39
2018-07-04,6609.39,6784.26,6418.49,6688.96
2018-07-05,6688.96,6693.44,6455.78,6493.51
2018-07-06,6493.51,6622.52,6455.78,6570.3
2018-07-09,6752.19,6752.19,6671.11,6711.41
2018-07-10,6715.92,6793.48,6325.11,6373.49
2018-07-11,6373.49,6397.95,6289.31,6361.32
2018-07-12,6365.37,6381.62,6146.28,6169.03
2018-07-13,6169.03,6329.11,6086.43,6176.65
2018-07-16,6377.55,6697.92,6333.12,6662.23
2018-07-17,6662.23,7440.48,6662.23,7358.35
2018-07-18,7358.35,7575.76,7246.38,7331.38
2018-07-19,7331.38,7507.51,7283.32,7434.94
2018-07-20,7434.94,7656.97,7272.73,7342.14
2018-07-23,7374.63,7788.16,7342.14,7751.94
2018-07-24,7751.94,8340.28,7692.31,8257.64
2018-07-25,8257.64,8481.76,8064.52,8278.15
2018-07-26,8285,8305.65,7917.66,7949.13
2018-07-27,7961.78,8271.3,7800.31,8223.68
2018-07-30,8190.01,8271.3,7861.64,8123.48
2018-07-31,8123.48,8196.72,7674.6,7710.1
2018-08-01,7710.1,7770.01,7468.26,7479.43
2018-08-02,7479.43,7698.23,7446.02,7530.12
2018-08-03,7530.12,7564.3,7288.63,7374.63
2018-08-06,7047.22,7147.96,6863.42,6863.42
2018-08-07,6863.42,7147.96,6684.49,6738.54
2018-08-08,6752.19,6788.87,6131.21,6293.27
2018-08-09,6301.2,6622.52,6203.47,6587.62
2018-08-10,6587.62,6609.39,6309.15,6397.95
2018-08-13,6365.37,6535.95,6165.23,6242.2
2018-08-14,6238.3,6281.41,5899.71,6116.21
2018-08-15,6112.47,6613.76,6082.73,6418.49
2018-08-16,6414.37,6472.49,6222.78,6277.46
2018-08-17,6277.46,6553.08,6261.74,6497.73
2018-08-20,6497.73,6523.16,6393.86,6422.61
2018-08-21,6414.37,6497.73,6238.3,6464.12
2018-08-22,6459.95,6854.01,6305.17,6369.43
2018-08-23,6369.43,6480.88,6257.82,6476.68
2018-08-24,6472.49,6644.52,6472.49,6622.52
2018-08-27,6680.03,6752.19,6657.79,6729.48
2018-08-28,6729.48,7122.51,6724.95,7067.14
2018-08-29,7062.15,7122.51,6920.42,7062.15
2018-08-30,7057.16,7057.16,6802.72,6939.63
2018-08-31,6939.63,7082.15,6901.31,7042.25
2018-09-03,7283.32,7326.01,7199.42,7309.94
2018-09-04,7309.94,7401.92,7235.89,7352.94
2018-09-05,7352.94,7385.52,6868.13,6930.01
2018-09-06,6930.01,6930.01,6277.46,6435.01
2018-09-07,6435.01,6531.68,6329.11,6418.49
2018-09-10,6365.37,6365.37,6215.04,6293.27
2018-09-11,6293.27,6373.49,6191.95,6309.15
2018-09-12,6305.17,6333.12,6203.47,6301.2
2018-09-13,6301.2,6523.16,6301.2,6459.95
2018-09-14,6459.95,6578.95,6414.37,6535.95
2018-09-17,6497.73,6527.42,6211.18,6246.1
2018-09-18,6246.1,6381.62,6226.65,6321.11
2018-09-19,6321.11,6493.51,6116.21,6381.62
2018-09-20,6381.62,6497.73,6353.24,6497.73
2018-09-21,6506.18,6775.07,6472.49,6752.19
2018-09-24,6684.49,6720.43,6574.62,6618.13
2018-09-25,6618.13,6618.13,6333.12,6389.78
2018-09-26,6389.78,6540.22,6377.55,6476.68
2018-09-27,6472.49,6729.48,6430.87,6711.41
2018-09-28,6715.92,6793.48,6535.95,6675.57
2018-10-01,6565.99,6644.52,6501.95,6578.95
2018-10-02,6578.95,6600.66,6468.31,6531.68
2018-10-03,6531.68,6544.5,6410.26,6451.61
2018-10-04,6451.61,6596.31,6422.61,6557.38
2018-10-05,6557.38,6587.62,6523.16,6553.08
2018-10-08,6548.79,6671.11,6548.79,6635.7
2018-10-09,6631.3,6631.3,6565.99,6596.31
2018-10-10,6596.31,6613.76,6464.12,6535.95
2018-10-11,6540.22,6557.38,6127.45,6222.78
2018-10-12,6222.78,6265.66,6142.51,6238.3
2018-10-15,6238.3,6958.94,6188.12,6459.95
2018-10-16,6455.78,6591.96,6455.78,6523.16
2018-10-17,6523.16,6557.38,6476.68,6514.66
2018-10-18,6514.66,6553.08,6426.74,6430.87
2018-10-19,6430.87,6468.31,6410.26,6426.74
2018-10-22,6476.68,6476.68,6418.49,6447.45
2018-10-23,6447.45,6455.78,6402.05,6435.01
2018-10-24,6435.01,6497.73,6430.87,6464.12
2018-10-25,6464.12,6464.12,6414.37,6435.01
2018-10-26,6435.01,6485.08,6414.37,6435.01
2018-10-29,6414.37,6439.15,6242.2,6285.36
2018-10-30,6285.36,6313.13,6265.66,6285.36
2018-10-31,6281.41,6357.28,6215.04,6325.11
2018-11-01,6325.11,6377.55,6313.13,6353.24
2018-11-02,6353.24,6397.95,6349.21,6369.43
2018-11-05,6426.74,6455.78,6389.78,6414.37
2018-11-06,6418.49,6468.31,6402.05,6451.61
2018-11-07,6455.78,6553.08,6451.61,6518.9
2018-11-08,6518.9,6527.42,6418.49,6426.74
2018-11-09,6426.74,6430.87,6337.14,6361.32
2018-11-12,6337.14,6406.15,6333.12,6349.21
2018-11-13,6349.21,6357.28,6293.27,6329.11
2018-11-14,6329.11,6341.15,5405.41,5595.97
2018-11-15,5586.59,5711.02,5263.16,5534.03
2018-11-16,5534.03,5643.34,5497.53,5540.17
2018-11-19,5567.93,5583.47,4732.61,4840.27
2018-11-20,4837.93,4928.54,4127.12,4310.34
2018-11-21,4299.23,4662,4248.09,4504.5
2018-11-22,4504.5,4616.81,4395.6,4442.47
2018-11-23,4438.53,4438.53,4135.65,4248.09
2018-11-26,3979.31,4093.33,3566.33,3680.53
2018-11-27,3679.18,3853.56,3606.2,3822.63
2018-11-28,3822.63,4370.63,3787.88,4210.53
2018-11-29,4212.3,4415.01,4116.92,4240.88
2018-11-30,4242.68,4310.34,3892.57,3974.56
2018-12-03,4137.36,4158,3777.86,3865.48
2018-12-04,3866.98,4061.74,3775.01,3923.11
2018-12-05,3921.57,3941.66,3698.22,3731.34
2018-12-06,3734.13,3862.5,3589.38,3612.72
2018-12-07,3612.72,3653.64,3236.25,3363.61
2018-12-10,3552.4,3623.19,3397.89,3460.21
2018-12-11,3460.21,3467.41,3330,3393.28
2018-12-12,3392.13,3521.13,3356.83,3445.9
2018-12-13,3445.9,3472.22,3261.58,3294.89
2018-12-14,3293.81,3324.47,3191.83,3194.89
2018-12-17,3232.06,3612.72,3219.58,3513.7
2018-12-18,3519.89,3607.5,3474.64,3599.71
2018-12-19,3595.83,3958.83,3593.24,3753.75
2018-12-20,3752.35,4210.53,3706.45,4105.09
2018-12-21,4113.53,4191.11,3821.17,3838.77
2018-12-24,3995.21,4284.49,3974.56,4095
2018-12-26,3809.52,3898.64,3727.17,3850.6
2018-12-27,3852.08,3877.47,3612.72,3632.4
2018-12-28,3632.4,3993.61,3610.11,3952.57
2018-12-31,3866.98,3888.02,3696.86,3728.56
2019-01-02,3766.48,3958.83,3766.48,3946.33
2019-01-03,3944.77,3965.11,3812.43,3840.25
2019-01-04,3840.25,3871.47,3773.58,3827.02
2019-01-07,4066.69,4110.15,3996.8,4033.88
2019-01-08,4032.26,4135.65,4003.2,4038.77
2019-01-09,4038.77,4076.64,4000,4030.63
2019-01-10,4030.63,4066.69,3616.64,3654.97
2019-01-11,3654.97,3699.59,3623.19,3681.89
2019-01-14,3531.07,3731.34,3526.09,3687.32
2019-01-15,3687.32,3713.33,3581.66,3599.71
2019-01-16,3601.01,3687.32,3595.83,3619.25
2019-01-17,3619.25,3667.03,3579.1,3656.31
2019-01-18,3654.97,3673.77,3604.9,3627.13
2019-01-21,3559.99,3570.15,3518.65,3544.84
2019-01-22,3546.1,3624.5,3447.09,3601.01
2019-01-23,3601.01,3627.13,3546.1,3573.98
2019-01-24,3575.26,3617.95,3548.62,3590.66
2019-01-25,3590.66,3606.2,3552.4,3575.26
2019-01-28,3561.25,3561.25,3402.52,3454.23
2019-01-29,3454.23,3465,3370.41,3424.66
2019-01-30,3423.49,3487.97,3400.2,3471.02
2019-01-31,3471.02,3497.73,3427,3450.66
2019-02-01,3450.66,3484.32,3405.99,3478.26
2019-02-04,3431.71,3461.41,3422.31,3436.43
2019-02-05,3436.43,3457.81,3424.66,3450.66
2019-02-06,3450.66,3463.8,3370.41,3395.59
2019-02-07,3396.74,3405.99,3379.52,3387.53
2019-02-08,3388.68,3738.32,3373.82,3657.64
2019-02-11,3654.97,3684.6,3615.33,3625.82
2019-02-12,3627.13,3649.64,3581.66,3616.64
2019-02-13,3616.64,3663,3591.95,3601.01
2019-02-14,3601.01,3617.95,3581.66,3594.54
2019-02-15,3594.54,3644.31,3581.66,3598.42
2019-02-18,3637.69,3938.56,3637.69,3895.6
2019-02-19,3897.12,4006.41,3881.99,3941.66
2019-02-20,3941.66,3992.02,3900.16,3961.97
2019-02-21,3961.97,4027.39,3907.78,3923.11
2019-02-22,3923.11,3995.21,3921.57,3969.83
2019-02-25,3790.75,3894.08,3763.64,3853.56
2019-02-26,3853.56,3863.99,3799.39,3831.42
2019-02-27,3831.42,3859.51,3703.7,3800.84
2019-02-28,3805.18,3915.43,3805.18,3829.95
2019-03-01,3829.95,3878.98,3824.09,3865.48
2019-03-04,3818.25,3838.77,3705.08,3724.39
2019-03-05,3723.01,3901.68,3716.09,3869.97
2019-03-06,3868.47,3906.25,3843.2,3886.51
2019-03-07,3886.51,3923.11,3868.47,3897.12
2019-03-08,3898.64,3943.22,3883.5,3933.91
2019-03-11,3935.46,3943.22,3853.56,3886.51
2019-03-12,3886.51,3910.83,3832.89,3898.64
2019-03-13,3898.64,3904.72,3861,3881.99
2019-03-14,3881.99,3924.65,3824.09,3885
2019-03-15,3885,3941.66,3883.5,3933.91
2019-03-18,4004.81,4048.58,3972.98,4009.62
2019-03-19,4009.62,4045.31,3985.65,4029.01
2019-03-20,4027.39,4070,4004.81,4063.39
2019-03-21,4063.39,4083.3,3957.26,4000
2019-03-22,4001.6,4019.29,3987.24,4000
2019-03-25,3990.42,4001.6,3889.54,3924.65
2019-03-26,3924.65,3944.77,3906.25,3933.91
2019-03-27,3935.46,4055.15,3933.91,4037.14
2019-03-28,4037.14,4060.09,4019.29,4035.51
2019-03-29,4035.51,4128.82,4033.88,4101.72
2019-04-01,4115.23,4171.88,4079.97,4154.55
2019-04-02,4154.55,5060.73,4152.82,4805.38
2019-04-03,4805.38,5330.49,4805.38,5219.21
2019-04-04,5186.72,5260.39,4800.77,4943.15
2019-04-05,4945.6,5073.57,4889.98,5030.18
2019-04-08,5175.98,5341.88,5144.03,5288.21
2019-04-09,5291.01,5316.32,5157.3,5230.13
2019-04-10,5230.13,5464.48,5175.98,5296.61
2019-04-11,5296.61,5341.88,4987.53,5030.18
2019-04-12,5030.18,5115.09,4933.4,5068.42
2019-04-15,5117.71,5197.51,4965.24,5027.65
2019-04-16,5027.65,5232.86,5027.65,5216.48
2019-04-17,5216.48,5274.26,5192.11,5246.59
2019-04-18,5246.59,5321.98,5219.21,5305.04
2019-04-22,5282.62,5437.74,5265.93,5399.57
2019-04-23,5396.65,5621.14,5373.46,5580.36
2019-04-24,5580.36,5630.63,5390.84,5446.62
2019-04-25,5446.62,5524.86,5385.03,5411.26
2019-04-26,5399.57,5422.99,5035.25,5178.66
2019-04-29,5246.59,5293.81,5181.35,5238.34
2019-04-30,5238.34,5390.84,5208.33,5370.57
2019-05-01,5370.57,5443.66,5370.57,5405.41
2019-05-02,5405.41,5540.17,5393.74,5512.68
2019-05-03,5512.68,5910.17,5482.46,5793.74
2019-05-06,5854.8,5868.54,5685.05,5803.83
2019-05-07,5807.2,6064.28,5797.1,5995.2
2019-05-08,5995.2,6016.85,5787.04,5988.02
2019-05-09,5988.02,6180.47,5963.03,6153.85
2019-05-10,6157.64,6455.78,6142.51,6397.95
2019-05-13,7147.96,8103.73,6877.58,8071.03
2019-05-14,8077.54,8278.15,7639.42,7776.05
2019-05-15,7776.05,8244.02,7776.05,8136.7
2019-05-16,8130.08,8354.22,7692.31,7930.21
2019-05-17,7923.93,7942.81,6688.96,7158.2
2019-05-20,8084.07,8285,7593.01,8051.53
2019-05-21,8038.59,8103.73,7824.73,7993.61
2019-05-22,7993.61,8038.59,7645.26,7680.49
2019-05-23,7674.6,7917.66,7496.25,7892.66
2019-05-24,7898.89,8169.93,7800.31,8064.52
2019-05-27,8658.01,8936.55,8643.04,8818.34
2019-05-28,8818.34,8849.56,8576.33,8710.8
2019-05-29,8710.8,8764.24,8467.4,8665.51
2019-05-30,8665.51,9090.91,8045.05,8210.18
2019-05-31,8210.18,8460.24,8123.48,8431.7
2019-06-03,8710.8,8748.91,8340.28,8496.18
2019-06-04,8481.76,8481.76,7518.8,7530.12
2019-06-05,7468.26,7911.39,7468.26,7745.93
2019-06-06,7739.94,7867.82,7479.43,7745.93
2019-06-07,7739.94,8123.48,7716.05,7968.13
2019-06-10,7633.59,8058.02,7513.15,7949.13
2019-06-11,7949.13,8051.53,7733.95,7911.39
2019-06-12,7917.66,8257.64,7830.85,8156.61
2019-06-13,8149.96,8326.39,8077.54,8326.39
2019-06-14,8319.47,8453.09,8183.31,8410.43
2019-06-17,9041.59,9398.5,8976.66,9285.05
2019-06-18,9302.33,9460.74,8952.55,9009.01
2019-06-19,9017.13,9233.61,8960.57,9233.61
2019-06-20,9242.14,9606.15,9225.09,9523.81
2019-06-21,9523.81,9940.36,9487.67,9910.8
2019-06-24,10929,11099,10571,10953
2019-06-25,10941,11561,10941,11547
2019-06-26,11547,13812,11534,12407
2019-06-27,12469,13298,10331,10776
2019-06-28,10753,12330,10753,12315
2019-07-01,11274,11274,10020,10593
2019-07-02,10571,10929,9680.54,10695
2019-07-03,10695,11574,10672,11403
2019-07-04,11403,12063,11403,11587
2019-07-05,11574,11710,10799,11136
2019-07-08,11534,12330,11351,12330
2019-07-09,12346,12821,12121,12563
2019-07-10,12563,13175,11574,11947
2019-07-11,11947,12180,11001,11299
2019-07-12,11299,11779,11111,11628
2019-07-15,10661,10941,9900.99,10753
2019-07-16,10741,11050,9407.34,9643.2
2019-07-17,9643.2,9960.16,9082.65,9842.52
2019-07-18,9813.54,10730,9302.33,10593
2019-07-19,10593,10764,10163,10406
2019-07-22,10571,10661,10081,10267
2019-07-23,10277,10341,9881.42,10121
2019-07-24,10121,10142,9551.1,9784.74
2019-07-25,9775.17,10183,9746.59,9891.2
2019-07-26,9891.2,9940.36,9671.18,9861.93
2019-07-29,9442.87,9708.74,9124.09,9505.7
2019-07-30,9505.7,9727.63,9389.67,9578.54
2019-07-31,9587.73,10091,9578.54,10050
2019-08-01,10050,10482,9900.99,10417
2019-08-02,10417,10661,10341,10471
2019-08-05,10965,11947,10953,11737
2019-08-06,11737,12300,11325,11377
2019-08-07,11364,12121,11236,11947
2019-08-08,11947,12019,11521,11723
2019-08-09,11723,12077,11682,11820
2019-08-12,11507,11561,11274,11403
2019-08-13,11403,11442,10776,10870
2019-08-14,10870,10905,10070,10194
2019-08-15,10194,10417,9514.75,10341
2019-08-16,10341,10549,9775.17,10471
2019-08-19,10428,10834,10277,10730
2019-08-20,10718,10953,10582,10799
2019-08-21,10799,10846,9891.2,10060
2019-08-22,10040,10235,9775.17,10142
2019-08-23,10152,10460,10060,10428
2019-08-26,10000,10650,9970.09,10277
2019-08-27,10277,10395,10030,10142
2019-08-28,10142,10277,9596.93,9727.63
2019-08-29,9727.63,9756.1,9345.79,9514.75
2019-08-30,9514.75,9615.38,9372.07,9578.54
2019-09-02,9708.74,10460,9708.74,10384
2019-09-03,10395,10764,10299,10695
2019-09-04,10707,10823,10406,10672
2019-09-05,10672,10695,10482,10560
2019-09-06,10560,10929,10320,10384
2019-09-09,10428,10537,10101,10288
2019-09-10,10288,10384,9940.36,10101
2019-09-11,10101,10225,9871.67,10173
2019-09-12,10173,10417,10050,10417
2019-09-13,10417,10471,10204,10225
2019-09-16,10309,10384,10111,10309
2019-09-17,10309,10331,10152,10225
2019-09-18,10225,10267,10101,10204
2019-09-19,10204,10373,9708.74,10277
2019-09-20,10277,10309,10101,10163
2019-09-23,10060,10081,9689.92,9746.59
2019-09-24,9756.1,9775.17,8064.52,8673.03
2019-09-25,8665.51,8795.07,8250.83,8605.85
2019-09-26,8598.45,8658.01,7782.1,8090.61
2019-09-27,8090.61,8143.32,7886.44,8012.82
2019-09-30,8058.02,8361.2,7739.94,8271.3
2019-10-01,8264.46,8525.15,8210.18,8326.39
2019-10-02,8326.39,8382.23,8183.31,8278.15
2019-10-03,8278.15,8424.6,8103.73,8196.72
2019-10-04,8190.01,8291.87,8064.52,8210.18
2019-10-07,7930.21,8312.55,7788.16,8216.93
2019-10-08,8216.93,8347.25,8116.88,8169.93
2019-10-09,8169.93,8695.65,8130.08,8568.98
2019-10-10,8568.98,8665.51,8474.58,8568.98
2019-10-11,8568.98,8795.07,8298.76,8354.22
2019-10-14,8257.64,8403.36,8230.45,8326.39
2019-10-15,8326.39,8403.36,8130.08,8163.27
2019-10-16,8163.27,8183.31,7930.21,7987.22
2019-10-17,7987.22,8123.48,7949.13,8071.03
2019-10-18,8071.03,8123.48,7849.29,7968.13
2019-10-21,8223.68,8319.47,8169.93,8230.45
2019-10-22,8223.68,8312.55,8097.17,8110.3
2019-10-23,8110.3,8116.88,7336.76,7446.02
2019-10-24,7440.48,7513.15,7369.2,7457.12
2019-10-25,7457.12,8748.91,7418.4,8650.52
2019-10-28,9587.73,9930.49,9285.05,9460.74
2019-10-29,9469.7,9551.1,9107.47,9469.7
2019-10-30,9460.74,9469.7,9033.42,9225.09
2019-10-31,9233.61,9416.2,8976.66,9132.42
2019-11-01,9140.77,9293.68,9074.41,9225.09
2019-11-04,9216.59,9541.98,9132.42,9398.5
2019-11-05,9398.5,9487.67,9199.63,9328.36
2019-11-06,9337.07,9442.87,9267.84,9345.79
2019-11-07,9345.79,9372.07,9107.47,9233.61
2019-11-08,9233.61,9250.69,8688.1,8802.82
2019-11-11,9090.91,9107.47,8620.69,8718.4
2019-11-12,8718.4,8849.56,8576.33,8771.93
2019-11-13,8779.63,8833.92,8718.4,8756.57
2019-11-14,8756.57,8795.07,8576.33,8658.01
2019-11-15,8658.01,8771.93,8410.43,8474.58
2019-11-18,8554.32,8554.32,8084.07,8216.93
2019-11-19,8210.18,8216.93,8032.13,8143.32
2019-11-20,8143.32,8216.93,8051.53,8090.61
2019-11-21,8090.61,8130.08,7446.02,7639.42
2019-11-22,7639.42,7722.01,6816.63,7342.14
2019-11-25,7052.19,7369.2,6557.38,7230.66
2019-11-26,7225.43,7347.54,7052.19,7163.32
2019-11-27,7158.2,7662.84,6872.85,7547.17
2019-11-28,7547.17,7662.84,7396.45,7396.45
2019-11-29,7401.92,7855.46,7390.98,7757.95
2019-12-02,7401.92,7462.69,7194.24,7352.94
2019-12-03,7352.94,7418.4,7262.16,7331.38
2019-12-04,7331.38,7739.94,7112.38,7225.43
2019-12-05,7230.66,7485.03,7178.75,7423.9
2019-12-06,7423.9,7621.95,7336.76,7457.12
2019-12-09,7570.02,7662.84,7304.6,7347.54
2019-12-10,7347.54,7396.45,7189.07,7251.63
2019-12-11,7251.63,7278.02,7153.08,7204.61
2019-12-12,7204.61,7299.27,7102.27,7199.42
2019-12-13,7199.42,7299.27,7199.42,7267.44
2019-12-16,7127.58,7153.08,6854.01,6901.31
2019-12-17,6896.55,6944.44,6596.31,6600.66
2019-12-18,6600.66,7363.77,6459.95,7363.77
2019-12-19,7446.02,7446.02,7062.15,7168.46
2019-12-20,7168.46,7225.43,7092.2,7220.22
2019-12-23,7418.4,7698.23,7272.73,7299.27
2019-12-24,7299.27,7418.4,7183.91,7189.07
2019-12-26,7215.01,7434.94,7163.32,7209.81
2019-12-27,7204.61,7267.44,7087.17,7230.66
2019-12-30,7401.92,7418.4,7215.01,7267.44
2019-12-31,7267.44,7309.94,7132.67,7194.24
2020-01-02,7189.07,7199.42,6930.01,6968.64
2020-01-03,6968.64,7412.9,6877.58,7326.01
2020-01-06,7347.54,7745.93,7326.01,7722.01
2020-01-07,7716.05,8190.01,7716.05,8032.13
2020-01-08,8045.05,8453.09,7880.22,8071.03
2020-01-09,8071.03,8103.73,7751.94,7806.4
2020-01-10,7806.4,8123.48,7686.4,8071.03
2020-01-13,8149.96,8190.01,8051.53,8116.88
2020-01-14,8116.88,8826.13,8103.73,8748.91
2020-01-15,8726,8880.99,8576.33,8849.56
2020-01-16,8849.56,8857.4,8591.07,8718.4
2020-01-17,8710.8,8992.81,8673.03,8865.25
2020-01-20,8628.13,8733.62,8517.89,8665.51
2020-01-21,8643.04,8771.93,8503.4,8710.8
2020-01-22,8710.8,8787.35,8576.33,8643.04
2020-01-23,8635.58,8665.51,8291.87,8396.31
2020-01-24,8396.31,8510.64,8230.45,8481.76
2020-01-27,8568.98,8984.73,8561.64,8904.72
2020-01-28,8896.8,9182.74,8888.89,9149.13
2020-01-29,9140.77,9425.07,9115.77,9337.07
2020-01-30,9337.07,9560.23,9199.63,9560.23
2020-01-31,9560.23,9560.23,9216.59,9310.99
2020-02-03,9389.67,9587.73,9233.61,9276.44
2020-02-04,9276.44,9345.79,9090.91,9182.74
2020-02-05,9182.74,9746.59,9157.51,9624.64
2020-02-06,9624.64,9852.22,9541.98,9671.18
2020-02-07,9671.18,9861.93,9671.18,9727.63
2020-02-10,10111,10183,9746.59,9842.52
2020-02-11,9842.52,10384,9718.17,10225
2020-02-12,10225,10471,10215,10352
2020-02-13,10352,10493,10101,10215
2020-02-14,10215,10384,10101,10363
2020-02-17,9881.42,10000,9487.67,9633.91
2020-02-18,9633.91,10256,9624.64,10183
2020-02-19,10183,10288,9389.67,9680.54
2020-02-20,9689.92,9689.92,9469.7,9624.64
2020-02-21,9615.38,9756.1,9578.54,9718.17
2020-02-24,9930.49,10020,9496.68,9643.2
2020-02-25,9643.2,9671.18,9259.26,9389.67
2020-02-26,9398.5,9398.5,8650.52,8795.07
2020-02-27,8787.35,8968.61,8532.42,8795.07
2020-02-28,8795.07,8904.72,8445.95,8620.69
2020-03-02,8561.64,8976.66,8503.4,8936.55
2020-03-03,8928.57,8928.57,8673.03,8787.35
2020-03-04,8787.35,8857.4,8695.65,8756.57
2020-03-05,8764.24,9174.31,8756.57,9082.65
2020-03-06,9082.65,9182.74,9009.01,9132.42
2020-03-09,8183.31,8257.64,7662.84,7886.44
2020-03-10,7886.44,8163.27,7770.01,7968.13
2020-03-11,7968.13,7993.61,7616.15,7993.61
2020-03-12,7974.48,7987.22,5583.47,5783.69
2020-03-13,5807.2,5984.44,3966.68,5437.74
2020-03-16,5359.06,5446.62,4460.3,4940.71
2020-03-17,4943.15,5524.86,4933.4,5461.5
2020-03-18,5455.54,5461.5,5030.18,5353.32
2020-03-19,5361.93,6418.49,5265.93,6297.23
2020-03-20,6297.23,6891.8,5688.28,5963.03
2020-03-23,5885.82,6613.76,5704.51,6468.31
2020-03-24,6468.31,6835.27,6410.26,6784.26
2020-03-25,6784.26,6978.37,6485.08,6706.91
2020-03-26,6697.92,6793.48,6544.5,6724.95
2020-03-27,6724.95,6872.85,6596.31,6693.44
2020-03-30,5913.66,6578.95,5875.44,6544.5
2020-03-31,6548.79,6613.76,6353.24,6459.95
2020-04-01,6459.95,6468.31,6172.84,6377.55
2020-04-02,6377.55,7235.89,6373.49,6844.63
2020-04-03,6839.95,7042.25,6622.52,6788.87
2020-04-06,6770.48,7320.64,6770.48,7299.27
2020-04-07,7299.27,7462.69,7087.17,7183.91
2020-04-08,7178.75,7423.9,7142.86,7336.76
2020-04-09,7336.76,7396.45,7127.58,7315.29
2020-04-13,7132.67,7147.96,6618.13,6839.95
2020-04-14,6844.63,6983.24,6779.66,6858.71
2020-04-15,6863.42,6934.81,6697.92,6738.54
2020-04-16,6743.09,7127.58,6497.73,7082.15
2020-04-17,7082.15,7204.61,7007.71,7077.14
2020-04-20,7204.61,7220.22,6775.07,6868.13
2020-04-21,6863.42,6949.27,6788.87,6901.31
2020-04-22,6901.31,7163.32,6835.27,7102.27
2020-04-23,7102.27,7727.98,7042.25,7598.78
2020-04-24,7604.56,7604.56,7418.4,7530.12
2020-04-27,7633.59,7782.1,7593.01,7739.94
2020-04-28,7739.94,7788.16,7674.6,7739.94
2020-04-29,7739.94,8944.54,7727.98,8865.25
2020-04-30,8865.25,9460.74,8417.51,8764.24
2020-05-01,8764.24,9057.97,8605.85,8733.62
2020-05-04,8865.25,8960.57,8547.01,8952.55
2020-05-05,8952.55,9115.77,8787.35,8968.61
2020-05-06,8976.66,9389.67,8920.61,9293.68
2020-05-07,9293.68,9960.16,9066.18,9881.42
2020-05-08,9881.42,10050,9746.59,9960.16
2020-05-11,8726,9157.51,8257.64,8583.69
2020-05-12,8576.33,8976.66,8517.89,8764.24
2020-05-13,8748.91,9407.34,8748.91,9354.54
2020-05-14,9363.3,9930.49,9276.44,9765.63
2020-05-15,9784.74,9842.52,9267.84,9337.07
2020-05-18,9765.63,9940.36,9514.75,9689.92
2020-05-19,9680.54,9891.2,9478.67,9680.54
2020-05-20,9680.54,9832.84,9337.07,9551.1
2020-05-21,9551.1,9569.38,8818.34,9099.18
2020-05-22,9099.18,9259.26,8944.54,9174.31
2020-05-25,9057.97,9066.18,8643.04,8904.72
2020-05-26,8904.72,9009.01,8710.8,8849.56
2020-05-27,8849.56,9216.59,8810.57,9074.41
2020-05-28,9066.18,9523.81,9066.18,9442.87
2020-05-29,9442.87,9615.38,9345.79,9398.5
2020-06-01,9460.74,9689.92,9407.34,9652.51
2020-06-02,9652.51,10352,9354.54,9523.81
2020-06-03,9523.81,9624.64,9416.2,9587.73
2020-06-04,9587.73,9871.67,9469.7,9775.17
2020-06-05,9775.17,9852.22,9624.64,9727.63
2020-06-08,9708.74,9784.74,9661.84,9718.17
2020-06-09,9708.74,9881.42,9615.38,9823.18
2020-06-10,9823.18,9990.01,9708.74,9852.22
2020-06-11,9852.22,9970.09,9099.18,9345.79
2020-06-12,9345.79,9551.1,9242.14,9425.07
2020-06-15,9337.07,9496.68,8912.66,9442.87
2020-06-16,9433.96,9578.54,9389.67,9505.7
2020-06-17,9505.7,9551.1,9250.69,9407.34
2020-06-18,9407.34,9478.67,9276.44,9363.3
2020-06-19,9363.3,9416.2,9242.14,9302.33
2020-06-22,9328.36,9775.17,9285.05,9689.92
2020-06-23,9689.92,9718.17,9578.54,9652.51
2020-06-24,9652.51,9661.84,9208.1,9267.84
2020-06-25,9267.84,9328.36,9017.13,9302.33
2020-06-26,9302.33,9310.99,9041.59,9165.9
2020-06-29,9124.09,9233.61,9025.27,9208.1
2020-06-30,9208.1,9233.61,9074.41,9165.9
2020-07-01,9165.9,9302.33,9099.18,9242.14
2020-07-02,9242.14,9267.84,8960.57,9140.77
2020-07-03,9149.13,9149.13,9057.97,9082.65
2020-07-06,9041.59,9354.54,9041.59,9285.05
2020-07-07,9285.05,9372.07,9208.1,9250.69
2020-07-08,9250.69,9469.7,9233.61,9433.96
2020-07-09,9433.96,9469.7,9174.31,9250.69
2020-07-10,9250.69,9259.26,9132.42,9233.61
2020-07-13,9267.84,9337.07,9199.63,9250.69
2020-07-14,9250.69,9276.44,9124.09,9242.14
2020-07-15,9242.14,9276.44,9165.9,9225.09
2020-07-16,9225.09,9233.61,9041.59,9124.09
2020-07-17,9124.09,9182.74,9082.65,9165.9
2020-07-20,9174.31,9233.61,9140.77,9174.31
2020-07-21,9174.31,9433.96,9157.51,9380.86
2020-07-22,9380.86,9398.5,9295.49,9379.98
2020-07-23,9381.48,9668,9377.26,9618.53
2020-07-24,9618.62,9618.62,9477.86,9594.72
2020-07-27,9888.65,11131,9888.65,11131
2020-07-28,11126,11392,10605,11027
2020-07-29,11025,11348,10860,11286
2020-07-30,11297,11314,10877,11094
2020-07-31,11097,11452,10984,11328
2020-08-03,11137,11476,10956,11260
2020-08-04,11223,11414,11029,11246
2020-08-05,11241,11791,11105,11777
2020-08-06,11780,11910,11561,11742
2020-08-07,11747,11908,11354,11508
2020-08-10,11648,12072,11648,11839
2020-08-11,11839,11940,11142,11311
2020-08-12,11303,11620,11194,11516
2020-08-13,11510,11733,11288,11698
2020-08-14,11698,11862,11665,11810
2020-08-17,11863,12474,11777,12334
2020-08-18,12335,12413,11864,12074
2020-08-19,12075,12087,11598,11712
2020-08-20,11716,11889,11684,11831
2020-08-21,11833,11881,11614,11678
2020-08-24,11671,11827,11598,11762
2020-08-25,11759,11787,11135,11314
2020-08-26,11313,11541,11261,11478
2020-08-27,11477,11589,11140,11284
2020-08-28,11289,11552,11271,11513
2020-08-31,11608,11775,11586,11640
2020-09-01,11638,12055,11551,12028
2020-09-02,12027,12049,11221,11386
2020-09-03,11388,11466,10515,10736
2020-09-04,10734,10760,10033,10588
2020-09-07,10329,10354,9895.7,10161
2020-09-08,10161,10444,9940.56,10032
2020-09-09,10030,10348,9868.75,10245
2020-09-10,10245,10493,10193,10349
2020-09-11,10352,10381,10217,10338
2020-09-14,10304,10752,10260,10717
2020-09-15,10718,10934,10631,10856
2020-09-16,10858,11094,10673,11020
2020-09-17,11019,11046,10761,10962
2020-09-18,10963,11040,10826,10878
2020-09-21,10877,10991,10350,10509
2020-09-22,10509,10577,10367,10551
2020-09-23,10551,10558,10171,10258
2020-09-24,10260,10712,10214,10653
2020-09-25,10652,10791,10565,10732
2020-09-28,10727,10949,10727,10890
2020-09-29,10890,10890,10644,10770
2020-09-30,10773,10858,10666,10709
2020-10-01,10708,10921,10461,10605
2020-10-02,10593,10666,10394,10524
2020-10-05,10654,10765,10631,10743
2020-10-06,10744,10800,10533,10575
2020-10-07,10575,10680,10555,10664
2020-10-08,10663,10955,10543,10885
2020-10-09,10885,11109,10842,11046
2020-10-12,11328,11718,11230,11689
2020-10-13,11692,11704,11316,11453
2020-10-14,11455,11549,11304,11383
2020-10-15,11384,11604,11272,11507
2020-10-16,11506,11545,11226,11325
2020-10-19,11463,11819,11419,11757
2020-10-20,11756,12046,11691,11927
2020-10-21,11930,12988,11900,12942
2020-10-22,12939,13219,12706,13153
2020-10-23,13156,13196,12736,12929
2020-10-26,13021,13241,12805,13054
2020-10-27,13056,13752,13052,13737
2020-10-28,13737,13855,12911,13268
2020-10-29,13267,13642,12989,13418
2020-10-30,13412,13674,13141,13637
2020-11-02,13698,13826,13224,13580
2020-11-03,13582,13847,13303,13832
2020-11-04,13832,14255,13542,14123
2020-11-05,14122,15561,14085,15555
2020-11-06,15559,15945,15223,15486
2020-11-09,15520,15810,14837,15249
2020-11-10,15254,15475,15100,15385
2020-11-11,15382,15979,15289,15813
2020-11-12,15810,16337,15486,16220
2020-11-13,16226,16482,15978,16210
2020-11-16,15942,16874,15879,16734
2020-11-17,16728,17852,16568,17597
2020-11-18,17604,18456,17284,17838
2020-11-19,17835,18168,17379,17889
2020-11-20,17881,18807,17730,18640
2020-11-23,18628,18691,18030,18421
2020-11-24,18421,19419,18129,19122
2020-11-25,19127,19487,18656,18756
2020-11-26,18778,18905,16275,17196
2020-11-27,17200,17478,16469,17079
2020-11-30,18161,19842,18156,19484
2020-12-01,19490,19909,18262,18939
2020-12-02,18952,19333,18357,19118
2020-12-03,19134,19604,18892,19479
2020-12-04,19483,19547,18712,18979
2020-12-07,19145,19413,18912,19124
2020-12-08,19126,19294,18550,18550
2020-12-09,18472,18605,17672,18561
2020-12-10,18560,18636,17931,18336
2020-12-11,18334,18382,17605,17990
2020-12-14,19111,19330,19010,19282
2020-12-15,19286,19552,19065,19472
2020-12-16,19473,21435,19308,21377
2020-12-17,21397,23692,21245,23024
2020-12-18,22976,23263,22364,22774
2020-12-21,23485,24073,22056,23173
2020-12-22,23185,23743,22390,23743
2020-12-23,23724,24045,22666,23281
2020-12-24,23270,23465,22722,23333
2020-12-28,26474,27429,26089,26821
2020-12-29,26826,27173,25883,27043
2020-12-30,27012,28985,26940,28742
2020-12-31,28732,29301,27976,29170
2021-01-04,33148,33621,28497,31388
2021-01-05,31387,34486,29998,34285
2021-01-06,34310,36478,33465,36074
2021-01-07,36058,40301,36053,39632
2021-01-08,39675,41946,36697,39037
2021-01-11,38456,38661,30314,34468
2021-01-12,34470,36609,32527,33683
2021-01-13,33649,37804,32436,37219
2021-01-14,37165,40046,36786,38941
2021-01-15,38873,39678,34459,35585
2021-01-18,36215,37424,34823,36506
2021-01-19,36464,37833,36117,36695
2021-01-20,36686,36705,33537,35030
2021-01-21,35008,35666,30121,30824
2021-01-22,30857,33850,28823,33555
2021-01-25,32181,34868,31938,32487
2021-01-26,32488,32792,30872,32657
2021-01-27,32736,32937,29272,30611
2021-01-28,30601,33548,29938,33548
2021-01-29,33537,38604,32003,34569
2021-02-01,33007,34701,32343,33560
2021-02-02,33562,36004,33464,35652
2021-02-03,35629,37523,35426,37309
2021-02-04,37315,38740,36250,37295
2021-02-05,37294,38339,36638,37771
2021-02-08,38829,44988,38078,44715
2021-02-09,44669,48165,44669,46827
2021-02-10,46880,47337,43769,45214
2021-02-11,45230,48619,44061,47678
2021-02-12,47710,48919,46264,47678
2021-02-15,49114,49114,46002,48246
2021-02-16,48260,50523,47077,49150
2021-02-17,49135,52623,48996,52127
2021-02-18,52143,52540,50909,51840
2021-02-19,51875,55710,50798,55353
2021-02-22,57356,57587,48391,54151
2021-02-23,54157,54330,45055,48685
2021-02-24,48697,51345,47041,48797
2021-02-25,48885,52051,47490,48165
2021-02-26,48126,48436,44256,46234
2021-03-01,45271,49488,44976,49138
2021-03-02,49169,50218,47099,47819
2021-03-03,47845,52601,47790,50618
2021-03-04,50602,51773,47540,48251
2021-03-05,48251,49463,46382,49254
2021-03-08,50515,51978,49358,51605
2021-03-09,51602,54870,51602,54777
2021-03-10,54807,57379,53079,56928
2021-03-11,56941,58025,54342,57924
2021-03-12,57954,58143,55127,56750
2021-03-15,60208,60716,54945,56107
2021-03-16,56148,56818,53328,56338
2021-03-17,56309,58955,54186,58326
2021-03-18,58357,60071,57045,57740
2021-03-19,57697,59442,56306,58411
2021-03-22,57637,58408,53824,54618
2021-03-23,54576,55835,52991,54407
2021-03-24,54395,57192,51765,52684
2021-03-25,52596,53143,50454,51741
2021-03-26,51757,54274,51274,54010
2021-03-29,55142,58377,54924,57537
2021-03-30,57554,59382,57058,58754
2021-03-31,58758,59812,57026,58962
2021-04-01,58948,59471,58001,58737
2021-04-05,58116,59210,56838,58668
2021-04-06,58675,59460,57386,57947
2021-04-07,57927,58624,55497,56224
2021-04-08,56186,58143,55726,57677
2021-04-09,57677,58882,57574,58377
2021-04-12,59545,61207,59425,60017
2021-04-13,60002,63682,59823,63111
2021-04-14,63139,64830,61365,62826
2021-04-15,62810,63792,62042,63436
2021-04-16,63460,63585,60071,61831
2021-04-19,56354,57564,54336,56338
2021-04-20,56338,57084,53482,57016
2021-04-21,57016,57091,54374,54837
2021-04-22,54816,55454,50554,51728
2021-04-23,51698,52195,47535,50963
2021-04-26,47694,54380,47601,53379
2021-04-27,53385,55469,52960,55353
2021-04-28,55325,56433,53914,54828
2021-04-29,54858,55209,52408,53353
2021-04-30,53339,57372,53104,57081
2021-05-03,56702,58948,56309,57136
2021-05-04,57130,57475,53345,54386
2021-05-05,54386,57924,53034,56825
2021-05-06,56844,58374,55350,56382
2021-05-07,56386,58675,55346,57657
2021-05-10,58102,59581,54292,55766
2021-05-11,55757,56922,54543,56580
2021-05-12,56571,57995,53619,54564
2021-05-13,54579,54774,47054,49598
2021-05-14,49593,51520,48475,50193
2021-05-17,45245,46611,42173,43607
2021-05-18,43548,45794,42499,42996
2021-05-19,43011,43550,30108,38742
2021-05-20,38873,42503,35021,40700
2021-05-21,40705,42210,35630,36187
2021-05-24,34058,39882,33714,38697
2021-05-25,38641,39834,36538,38007
2021-05-26,37984,40845,37867,39111
2021-05-27,39102,40353,37229,39049
2021-05-28,39049,39168,35157,35813
2021-05-31,35962,37471,34218,36885
2021-06-01,36967,37895,35753,36391
2021-06-02,36389,38207,35941,37794
2021-06-03,37810,39468,37202,38773
2021-06-04,38779,39250,35648,36866
2021-06-07,35940,36763,33703,34148
2021-06-08,34137,34296,31063,33551
2021-06-09,33527,36830,32450,36657
2021-06-10,36649,38322,35840,36615
2021-06-11,36658,37659,36013,37251
2021-06-14,38900,40999,38736,40267
2021-06-15,40284,41307,39587,39960
2021-06-16,39970,40486,38361,38761
2021-06-17,38757,39527,37399,37747
2021-06-18,37743,38203,35185,35283
2021-06-21,35568,35760,31438,31575
2021-06-22,31500,33294,28945,32464
2021-06-23,32496,34796,31840,33342
2021-06-24,33381,35222,32345,34807
2021-06-25,34797,35489,31500,32173
2021-06-28,32845,35255,32845,34740
2021-06-29,34691,36566,34151,36246
2021-06-30,36249,36249,34073,34796
2021-07-01,34809,35206,32839,33488
2021-07-02,33505,33948,32733,33320
2021-07-05,35867,35889,33181,34165
2021-07-06,34169,35089,33584,33763
2021-07-07,33767,35045,33748,34242
2021-07-08,34250,34278,32118,32689
2021-07-09,32687,33686,32290,33457
2021-07-12,34473,34627,32664,32875
2021-07-13,32869,33324,32215,32579
2021-07-14,32584,33063,31628,32860
2021-07-15,32861,33184,31174,31729
2021-07-16,31731,32255,31077,31911
2021-07-19,31848,31943,30562,30782
2021-07-20,30783,31018,29325,29695
2021-07-21,29702,32773,29512,31832
2021-07-22,31842,32597,31740,32182
2021-07-23,32164,32886,32040,32274
2021-07-26,34588,40533,34491,37207
2021-07-27,37115,38764,36422,38258
2021-07-28,38285,40871,38146,40103
2021-07-29,40103,40627,39355,39579
2021-07-30,39562,40402,38386,39920
2021-08-02,41093,41201,38700,39226
2021-08-03,39211,39774,37744,38304
2021-08-04,38323,39947,37529,39833
2021-08-05,39836,41403,37350,40955
2021-08-06,40932,43234,39938,42948
2021-08-09,44260,46455,42817,45714
2021-08-10,45718,46648,44681,45733
2021-08-11,45727,46751,45282,46363
2021-08-12,46371,46371,43837,44260
2021-08-13,44250,46681,43906,46471
2021-08-16,46887,48040,45687,46064
2021-08-17,46070,47097,44593,44771
2021-08-18,44777,46021,44277,44625
2021-08-19,44621,46852,43995,46631
2021-08-20,46622,49051,46365,48688
2021-08-23,48714,50500,48655,49556
2021-08-24,49564,49858,47847,48200
2021-08-25,48202,49142,47168,49080
2021-08-26,49077,49353,46479,47266
2021-08-27,47263,48534,46382,48328
2021-08-30,48914,49397,47447,48412
2021-08-31,48405,48461,46720,46979
2021-09-01,46948,48957,46561,48445
2021-09-02,48445,50350,48323,49831
2021-09-03,49828,51013,48365,50543
2021-09-06,51725,52149,51046,52110
2021-09-07,52119,52904,43954,46516
2021-09-08,46551,47335,44512,46066
2021-09-09,46072,47299,45614,46468
2021-09-10,46488,47026,44811,45656
2021-09-13,45288,46764,43565,45163
2021-09-14,45132,46933,44787,46707
2021-09-15,46690,48445,46605,48183
2021-09-16,48181,48492,47059,47683
2021-09-17,47676,48165,46792,47522
2021-09-20,47461,47599,42602,43493
2021-09-21,43510,43904,39782,41423
2021-09-22,41428,43997,40259,43254
2021-09-23,43264,44926,43109,44691
2021-09-24,44695,45088,40863,42425
2021-09-27,43582,44316,42691,43105
2021-09-28,43098,43399,41144,41845
2021-09-29,41873,42571,40813,41247
2021-09-30,41247,44098,41125,43752
2021-10-01,43758,48068,43311,48047
2021-10-04,47810,49498,46966,48928
2021-10-05,48921,51865,48759,51779
2021-10-06,51763,55362,50446,55102
2021-10-07,55109,55624,50571,54301
2021-10-08,54295,55994,53668,54693
2021-10-11,54867,57820,54457,57146
2021-10-12,57143,57634,54142,55994
2021-10-13,56048,57700,54283,57527
2021-10-14,57518,58493,56867,57760
2021-10-15,57757,61824,56893,61448
2021-10-18,60610,62617,59934,61782
2021-10-19,61782,64334,61440,64107
2021-10-20,64094,66961,63553,65820
2021-10-21,65811,66644,62332,62555
2021-10-22,62700,63715,60096,60994
2021-10-25,60968,63702,60669,62826
2021-10-26,62842,63279,60698,60698
2021-10-27,60827,61467,58153,58810
2021-10-28,58803,62193,58163,60724
2021-10-29,60731,62952,60317,62629
2021-11-01,61429,62465,59588,61143
2021-11-02,61140,64263,60691,62980
2021-11-03,62980,63540,61132,62869
2021-11-04,62810,63095,60768,61188
2021-11-05,61188,62610,60790,60953
2021-11-08,62834,66556,62814,66538
2021-11-09,66538,68503,66361,67313
2021-11-10,67304,68946,63524,65206
2021-11-11,65147,65557,64144,65206
2021-11-12,65210,65462,62321,64156
2021-11-15,64533,66309,63464,63971
2021-11-16,63963,63975,58799,60621
2021-11-17,60617,60816,58586,60017
2021-11-18,59992,60950,56693,56693
2021-11-19,56616,58394,55676,57847
2021-11-22,59179,59298,55698,56744
2021-11-23,56741,57864,55445,57607
2021-11-24,57587,57753,55910,57016
2021-11-25,57009,59439,56993,58928
2021-11-26,58931,59361,53579,54526
2021-11-29,56095,58900,56095,58106
2021-11-30,58116,59214,55988,57330
2021-12-01,57346,59098,56500,57068
2021-12-02,57078,57409,55860,56863
2021-12-03,56886,57597,51838,53482
2021-12-06,49339,50976,47255,50823
2021-12-07,50891,51989,50080,50370
2021-12-08,50261,51227,48674,50158
2021-12-09,50231,50831,47328,47920
2021-12-10,47959,49988,47335,48389
2021-12-13,50330,50391,45897,46924
2021-12-14,46913,48648,46324,48347
2021-12-15,48286,49485,46583,48709
2021-12-16,48752,49424,47542,47854
2021-12-17,47831,48003,45568,46157
2021-12-20,47362,47492,45579,46810
2021-12-21,46751,49327,46674,49276
2021-12-22,49285,49561,48464,48996
2021-12-23,48998,51369,48040,50785
2021-12-24,50777,51865,50518,51156
2021-12-27,51000,52026,50480,50989
2021-12-28,51036,51052,47335,47730
2021-12-29,47710,48137,46668,47310
2021-12-30,47284,47897,46000,47019
2021-12-31,47072,48558,45723,45933
2022-01-03,47266,47569,45712,46219
2022-01-04,46224,47551,45571,46153
2022-01-05,46153,47023,42495,43405
2022-01-06,43454,43779,42452,43191
2022-01-07,43176,43232,40856,41916
2022-01-10,42205,42264,39716,41601
2022-01-11,41604,43098,41281,42726
2022-01-12,42724,44303,42472,43862
2022-01-13,43860,44415,42342,42626
2022-01-14,42611,43376,41815,43129
2022-01-17,43210,43268,41568,42098
2022-01-18,42095,42671,41322,42486
2022-01-19,42495,42569,41190,42003
2022-01-20,41990,43491,40868,41201
2022-01-21,41176,41184,37612,38441
2022-01-24,35519,37432,33014,36389
2022-01-25,36391,37546,35719,36789
2022-01-26,36781,38892,36274,36490
2022-01-27,36532,37182,35540,36719
2022-01-28,36724,37859,36172,37780
2022-01-31,37801,38746,36678,38438
2022-02-01,38432,39243,38039,38710
2022-02-02,38718,38895,36681,37074
2022-02-03,37037,37154,36310,36959
2022-02-04,36952,40895,36894,40575
2022-02-07,41611,44502,41527,44111
2022-02-08,44096,45479,42717,44111
2022-02-09,44103,44833,43176,44611
2022-02-10,44593,45817,43299,43941
2022-02-11,43975,44039,42203,42353
2022-02-14,42405,42856,41634,42693
2022-02-15,42691,44524,42463,44172
2022-02-16,44195,44757,43356,44039
2022-02-17,44032,44191,40120,40732
2022-02-18,40737,40963,39540,40067
2022-02-21,38855,39468,36835,37601
2022-02-22,37580,38295,36374,37913
2022-02-23,37936,39242,37166,37651
2022-02-24,37670,39341,34373,37859
2022-02-25,37882,39700,37882,39156
2022-02-28,37821,44115,37404,43107
2022-03-01,42935,44964,42891,44156
2022-03-02,44160,45241,43354,44082
2022-03-03,44076,44209,41859,42510
2022-03-04,42508,42613,39213,39502
2022-03-07,38986,39512,37162,38183
2022-03-08,38213,39362,37892,38574
2022-03-09,38558,42566,38537,41899
2022-03-10,41897,42125,38647,39457
2022-03-11,39457,40203,38253,38401
2022-03-14,37750,39912,37573,39347
2022-03-15,39331,39852,38207,39488
2022-03-16,39482,41660,38950,40890
2022-03-17,40895,41483,40563,41010
2022-03-18,41009,42323,40198,41755
2022-03-21,41418,41530,40507,41166
2022-03-22,41137,43258,40910,42544
2022-03-23,42548,42766,41783,42510
2022-03-24,42508,44222,42421,43973
2022-03-25,43970,45094,43643,44543
2022-03-28,46564,48181,46384,47664
2022-03-29,47621,48102,46904,47308
2022-03-30,47297,47705,46646,47001
2022-03-31,47001,47608,45537,45775
2022-04-01,45767,46707,44242,46356
2022-04-04,46849,47400,45167,46481
2022-04-05,46458,47210,45486,45960
2022-04-06,45958,46060,43193,43863
2022-04-07,43846,43892,42759,43499
2022-04-08,43524,43979,42539,42741
2022-04-11,42679,42724,39369,39452
2022-04-12,39392,40640,39251,39712
2022-04-13,39700,41554,39573,41220
2022-04-14,41232,41497,39609,39973
2022-04-18,40216,41100,38561,40805
2022-04-19,40813,41717,40606,41293
2022-04-20,41319,42167,40912,41504
2022-04-21,41504,42985,40571,40737
2022-04-22,40730,40811,39225,39516
2022-04-25,39642,40365,38245,40235
2022-04-26,40235,40773,37824,38335
2022-04-27,38333,39432,37746,39234
2022-04-28,39226,40350,38898,39836
2022-04-29,39845,39920,38178,38322
2022-05-02,38341,39114,38071,38638
2022-05-03,38643,38883,37530,37791
2022-05-04,37791,39974,37645,39750
2022-05-05,39746,39795,35600,36454
2022-05-06,36451,36646,35343,36000
2022-05-09,34451,34466,30331,30826
2022-05-10,30803,32617,29791,30282
2022-05-11,30287,32081,27713,28870
2022-05-12,28913,30064,25565,28407
2022-05-13,28371,30940,28297,30041
2022-05-16,31038,31342,29174,30101
2022-05-17,30135,30718,29453,30523
2022-05-18,30510,30652,28726,29118
2022-05-19,29152,30504,28645,30244
2022-05-20,30246,30693,28719.1,29277.4
2022-05-23,29984.1,30626.9,29031.7,29290
2022-05-24,29308.2,29601.4,28656.9,29545
2022-05-25,29548.5,30181.7,29334,29790.9
2022-05-26,29789.2,29846.2,28019.2,29548
2022-05-27,29546.4,29639.4,28254.8,28819.6
2022-05-30,29213.6,32115.9,29151.8,31777.8
2022-05-31,31780.5,32349.1,31219.7,31672.4
2022-06-01,31682.3,31947.7,29352,29550.1
2022-06-02,29564.1,30377.7,29493.4,30330
2022-06-03,30340,30637.8,29314.5,29531.9
2022-06-06,29937,31723.6,29848.2,31478.5
2022-06-07,31462.1,31535.9,29195.8,31385.5
2022-06-08,31383.3,31466.1,29878.5,30386.4
2022-06-09,30404.4,30649.7,29947.2,30120.7
2022-06-10,30114,30321.4,28876.6,28945.4
2022-06-13,27335.6,27396.2,22608.5,23015.7
2022-06-14,23031.7,23079,20824.5,21474.9
2022-06-15,21463.2,22395,20098.6,22192.8
2022-06-16,22157.8,22518.6,20739.1,20985.9
2022-06-17,20985.9,21282.3,20235.7,20512.6
2022-06-20,20369.1,21005,19628.4,20388
2022-06-21,20414.5,21678.5,20245.2,20964.9
2022-06-22,20949.8,20979,19756.5,19983
2022-06-23,19986.7,21098.1,19870.8,20673.8
2022-06-24,20667.9,21430.7,20662.9,21230.9
2022-06-27,21368.8,21505.6,20505.4,20784
2022-06-28,20796.9,21192.7,20183.1,20370
2022-06-29,20362.4,20425,19872.7,20270.8
2022-06-30,20271.2,20300.3,18655.4,18797.2
2022-07-01,18790.3,20855.4,18721.6,19380
2022-07-04,19275.8,20065.1,19032.9,19932.8
2022-07-05,19934.8,20715,19286.7,20345.5
2022-07-06,20355.6,20453.5,19747.4,20332.5
2022-07-07,20332.5,21819.1,20250.8,21653.4
2022-07-08,21661.1,22487,21177.3,21811.1
2022-07-11,21008.4,21014.1,20205.8,20231.3
2022-07-12,20212.2,20215.3,19271,19328.4
2022-07-13,19330.4,20064.4,18915.3,19903.1
2022-07-14,19910.4,20884.6,19621.2,20468.5
2022-07-15,20468,21174,20371.5,21122.4
2022-07-18,21027.5,22749.8,20749.1,21653.4
2022-07-19,21658.6,23788.9,21555,23659.2
2022-07-20,23654.6,24275.2,22929.5,23608.9
2022-07-21,23608.2,23631.8,22346.6,23216.4
2022-07-22,23213.6,23756.9,22561,22586.8
2022-07-25,22814.5,23003.6,21573.2,22029.7
2022-07-26,22029.9,22029.9,20732.9,20940
2022-07-27,20944.6,23109,20929.5,22682.6
2022-07-28,22680.1,24200.9,22590.2,23931.5
2022-07-29,23917.6,24414.5,23435.7,23908.8
2022-08-01,23582.4,23595,22860.5,23028.2
2022-08-02,23022.4,23456.1,22670.3,23095.1
2022-08-03,23097.6,23619.8,22695.1,23278.6
2022-08-04,23278.3,23283.7,22417.8,22494.7
2022-08-05,22493.9,23464,22459.3,22917.8
2022-08-08,23319.8,24244.6,23069.6,23852.8
2022-08-09,23851.6,23935.3,22882,23195.8
2022-08-10,23195.6,24226.3,22694.3,23960.1
2022-08-11,23968.7,24882.8,23817.9,24191.8
2022-08-12,24196.1,24268.3,23601.7,24166.2
2022-08-15,24352.1,25212.6,23887.6,24019
2022-08-16,24032.8,24249.3,23683.1,23949
2022-08-17,23950.6,24438.4,23189,23336.3
2022-08-18,23331.9,23598.9,23241.8,23362.3
2022-08-19,23362.6,23398.7,21153.8,21353.1
2022-08-22,21532.9,21666.4,20903.7,21094.3
2022-08-23,21097.4,21664.9,20916.1,21489.2
2022-08-24,21489.4,21834.3,21154.4,21587.7
2022-08-25,21594.4,21814.8,21315.1,21583.5
2022-08-26,21585.5,21826.1,20550,20658
2022-08-29,19962,20428.1,19538.2,20206.5
2022-08-30,20204.7,20567.2,19552.9,19886.1
2022-08-31,19886.9,20487.3,19751.2,20286.3
2022-09-01,20278.7,20290.6,19573.4,20086.4
2022-09-02,20082.4,20440.3,19766.6,19907.7
2022-09-05,19856.3,20053.6,19637.6,19752.5
2022-09-06,19750.3,20177.1,18721,18977.4
2022-09-07,18977.8,19456.8,18551.7,19363.7
2022-09-08,19367.9,19447.5,19030.4,19335
2022-09-09,19333.6,21439,19254.9,21270.1
2022-09-12,21527.1,22483.3,21527.1,22343.1
2022-09-13,22348.6,22739.8,19889.6,20132.1
2022-09-14,20133.2,20524.2,19661,20207.6
2022-09-15,20206.7,20387.5,19509.2,19827
2022-09-16,19828.4,19888.4,19332.7,19623
2022-09-19,19450.1,19662.9,18264.4,19515.3
2022-09-20,19521.1,19672.4,18745.5,18900.6
2022-09-21,18898.2,19722.1,18347.7,18468.3
2022-09-22,18463.6,19488.1,18149.4,19173.9
2022-09-23,19173.6,19506.6,18540.4,18820.1
2022-09-26,18740,19310,18634.3,19094.5
2022-09-27,19098,20370,18821.7,18995.9
2022-09-28,18986.7,19766,18489.8,19618.6
2022-09-29,19618.9,19661.7,18848.6,19433.3
2022-09-30,19431.8,20175.3,19166.7,19473.3
2022-10-03,19190.9,19648.1,18931.2,19555
2022-10-04,19557,20462.1,19499.9,20296.9
2022-10-05,20297.4,20384.4,19730,20055.8
2022-10-06,20052.4,20448.2,19881,19915.3
2022-10-07,19914.4,20056.7,19332.1,19464.4
2022-10-10,19480.9,19524.5,19109,19244
2022-10-11,19244,19266,18863.5,19004.3
2022-10-12,19003.7,19198.9,18980.3,19181.4
2022-10-13,19183.9,19503.7,18197.2,19402.7
2022-10-14,19403.1,19950.2,19114.3,19187.8
2022-10-17,19159.4,19676.7,19121.1,19515.2
2022-10-18,19515.3,19700.5,19099.3,19299.8
2022-10-19,19292.2,19369.8,19090.3,19195.6
2022-10-20,19196.2,19338.1,18917.4,19068.8
2022-10-21,19069.8,19247.6,18650.8,19205.7
2022-10-24,19542.2,19693.1,19165.4,19365.9
2022-10-25,19368.6,20416.7,19241.6,20232.5
2022-10-26,20234.4,21016.7,20004.1,20745.8
2022-10-27,20745.2,20907.2,20258.9,20411.9
2022-10-28,20407.5,20746.8,20016.3,20623.6
2022-10-31,20589.9,20839.2,20247.7,20473.3
2022-11-01,20479.2,20688.9,20341.1,20473.7
2022-11-02,20476.1,20796.5,20060.2,20110.3
2022-11-03,20102.7,20385.5,20046,20189.8
2022-11-04,20192.8,21293.2,20162.6,21129.1
2022-11-07,21130.8,21151,20389.5,20465.5
2022-11-08,20463.7,20694.2,17208.2,18525.4
2022-11-09,18514.2,18721.4,15772.4,16102.8
2022-11-10,16103,19497.5,15802,17884.9
2022-11-11,17899.7,20542.6,16507.1,16679
2022-11-14,16414,17151.6,15798.6,16389.6
2022-11-15,16385.9,17101.8,16383.5,16862.8
2022-11-16,16863.2,16982.8,16383.8,16649.3
2022-11-17,16653.7,16750.3,16402.6,16700.5
2022-11-18,16703.7,16987.3,16533.6,16613
2022-11-21,16273.4,16298.1,15477.8,15721
2022-11-22,15722.4,16283.4,15601.4,16162.8
2022-11-23,16165.5,16667.8,16138,16494.6
2022-11-24,16494.1,16795,16453.1,16599.5
2022-11-25,16598.6,16646,16335.3,16520.2
2022-11-28,16560.5,16565.5,16007.1,16212.5
2022-11-29,16217.1,16532.8,16094.3,16490.9
2022-11-30,16487.2,17216.1,16424,17158.1
2022-12-01,17153.7,17236,16868.5,16965.8
2022-12-02,16966.4,17104.8,16812.6,17024.4
2022-12-05,17105.1,17420.1,16870,16940.3
2022-12-06,16943.5,17101.6,16912.1,16973.8
2022-12-07,16974,17131.4,16689.8,16842.7
2022-12-08,16842.1,17296.5,16745.8,17202.2
2022-12-09,17203.3,17345.2,17085.9,17096.6
2022-12-12,17104.6,17215.8,16874.2,17160.9
2022-12-13,17159.6,17952.1,17089.4,17772.6
2022-12-14,17770.7,18370.1,17673.9,17837.2
2022-12-15,17837.7,17856.7,17294.4,17344.4
2022-12-16,17344.3,17525.4,16746.8,16889.2
2022-12-19,16763.3,16820,16265.6,16418.9
2022-12-20,16412.2,17046.2,16373.8,16870.1
2022-12-21,16868.8,16925.1,16728.2,16766.1
2022-12-22,16763.7,16864.6,16563.4,16799.6
2022-12-23,16795,16928,16743.9,16812
2022-12-27,16835.8,16962.5,16597.7,16683.1
2022-12-28,16684.1,16776.9,16462.9,16508.9
2022-12-29,16510.1,16656.7,16481.9,16610.9
2022-12-30,16613,16645.1,16331.9,16590.7
2023-01-02,16594.2,16774.8,16543.5,16692.6
2023-01-03,16692.9,16769,16599.8,16670.8
2023-01-04,16671.6,16982.7,16648.1,16821.4
2023-01-05,16821.6,16871.2,16750.6,16833
2023-01-06,16831.2,17023.1,16675.3,16905.9
2023-01-09,16965.1,17394.4,16965.1,17204.6
2023-01-10,17204.3,17494.5,17131.4,17435.2
2023-01-11,17433.5,17591.3,17314.7,17558.2
2023-01-12,17555,19116.9,17551.1,18918.1
2023-01-13,18914.9,19491.8,18719.3,19458.6
2023-01-16,20919.8,21442.9,20627.4,21188.4
2023-01-17,21191.5,21564.6,20855.1,21234.1
2023-01-18,21234.8,21644.3,20412.4,20811.8
2023-01-19,20802.2,21188.4,20645.2,21065.8
2023-01-20,21064.9,22383.6,20867.9,22267.2
2023-01-23,22675.2,23169.1,22613.9,22928.4
2023-01-24,22934.4,23164.5,22730.5,22757.4
2023-01-25,22756.8,23813.6,22364.2,22945.8
2023-01-26,22937.7,23267.5,22869.4,23008.1
2023-01-27,23005.8,23501.3,22560,23131
2023-01-30,23766.7,23875.1,22516.9,22730.8
2023-01-31,22731.3,23292.2,22706.6,23181.8
2023-02-01,23181.9,23802.8,22766.8,23715.2
2023-02-02,23719.9,24244.1,23439.1,23562.1
2023-02-03,23558.4,23718.9,23223.1,23341.4
2023-02-06,22986,23139.3,22639,22883.1
2023-02-07,22878.2,23349.5,22646.3,23234.6
2023-02-08,23232.2,23436.2,22677.5,22930.5
2023-02-09,22931,23002.9,21703.1,21769.7
2023-02-10,21763.5,21941.1,21567.1,21715.2
2023-02-13,21797,21902.5,21389.2,21648.1
2023-02-14,21651.9,22307.8,21600.2,22195.4
2023-02-15,22196.3,24375.6,22056.6,24164.6
2023-02-16,24154.2,25190.4,23991.1,24031.1
2023-02-17,24013.8,25012.5,23352,24806
2023-02-20,24494.3,25098.3,23889.7,24699.7
2023-02-21,24703.6,25247.2,24161.1,24382.4
2023-02-22,24387.9,24474.7,23591.9,24100.9
2023-02-23,24102.5,24599.8,23617.8,23868.4
2023-02-24,23869.4,24128.7,22886.6,23191.9
2023-02-27,23475.5,23890.9,23124.3,23472.5
2023-02-28,23487,23598.7,23027.2,23158.9
2023-03-01,23157.9,23908.7,23027.9,23535.6
2023-03-02,23535,23791.5,23200.6,23467.1
2023-03-03,23462.3,23504.3,22115.3,22286.4
2023-03-06,22434.8,22596,22266.8,22433
2023-03-07,22430,22546.6,21947.5,22108.3
2023-03-08,22103.3,22267.5,21788.9,21788.9
2023-03-09,21788.4,21813.8,20068.1,20342.5
2023-03-10,20345.2,20375.8,19568.5,19976.9
2023-03-13,21915.8,24630.9,21829.1,24299.4
2023-03-14,24296.6,26556.2,24048.2,24804
2023-03-15,24799.8,25255.3,23998.4,24466.5
2023-03-16,24463.9,25210.8,24214.4,25039
2023-03-17,25043.9,27005.9,24944.6,26838
2023-03-20,28182.1,28548.3,27227.9,28059.8
2023-03-21,28055,28514.7,27417.9,28121.7
2023-03-22,28120.3,28872.2,26688.3,27289.1
2023-03-23,27286.3,28784.7,27181,28277.4
2023-03-24,28272.8,28497.3,27526.9,27610.1
2023-03-27,27856.6,28166.3,26665.1,27183.4
2023-03-28,27183.4,27517.2,26644.3,27207.1
2023-03-29,27201.1,28639.4,27149.8,28304.4
2023-03-30,28298.3,29187.3,27689.9,28076.4
2023-03-31,28076.4,28662.1,27526.5,28441.6
2023-04-03,28027.4,28505.7,27376.7,27720
2023-04-04,27725.4,28443.2,27680,28224.1
2023-04-05,28233.1,28777.5,27820.8,28191
2023-04-06,28191.2,28240.5,27723.2,27998.9
2023-04-10,28456.3,29316.4,28197.2,29246
2023-04-11,29246.3,30573,29246.3,30219.1
2023-04-12,30219.4,30446.8,29686.4,29967.5
2023-04-13,29967.4,30604.8,29829,30312.7
2023-04-14,30312.8,31018.5,29998.7,30315.8
2023-04-17,30409.1,30425.5,29260.8,29469.9
2023-04-18,29469.6,30489.2,29123.8,30376.8
2023-04-19,30376.8,30425.8,28834.6,29176.1
2023-04-20,29203.3,29246,28001.2,28232.7
2023-04-21,28232.7,28371.5,27190.9,27258.3
2023-04-24,27519.2,27991.1,27075.8,27415.2
2023-04-25,27414,28314,27194.7,28280.8
2023-04-26,28272.2,30006.4,27396.1,28679.8
2023-04-27,28686.9,29893,28191.5,29656.8
2023-04-28,29656.8,29673.2,28912.2,29351.3
2023-05-01,29428,29447.1,27666.7,27993
2023-05-02,27992.7,28896.3,27878,28674.9
2023-05-03,28677.9,29063.9,28127.6,28931
2023-05-04,28931.2,29374.3,28686.9,28850.3
2023-05-05,28850.3,29672.8,28759,29557.8
2023-05-08,28808.7,28874.9,27282.4,27562.1
2023-05-09,27585.6,27841.5,27405.4,27625.2
2023-05-10,27630.3,28344.5,26885.1,27536.1
2023-05-11,27533.3,27751.5,26776.9,27004.9
2023-05-12,27004.9,27110.9,25845.9,26442.5
2023-05-15,26922.8,27681.1,26754.1,27381.6
2023-05-16,27381.6,27387.2,26887.9,27026.5
2023-05-17,27020.6,27502.4,26604.8,27378.6
2023-05-18,27378.3,27498.7,26477,26931
2023-05-19,26928,27147.9,26740.4,26839
2023-05-22,26761.2,27073.9,26554.1,26913.9
2023-05-23,26913.9,27492.8,26809,27202.1
2023-05-24,27201.6,27252.4,26092.4,26367.1
2023-05-25,26373.3,26618.6,25927,26476.6
2023-05-26,26476.6,26939.3,26329.9,26785.3
2023-05-29,27846.3,28443.2,27532.3,27675
2023-05-30,27675,28046.2,27567,27730.2
2023-05-31,27730.2,27839.7,26849.8,27095.1
2023-06-01,27095.6,27346.7,26620.2,26897.6
2023-06-02,26897.4,27293.2,26512.4,27252.5
2023-06-05,27203.3,27447.1,25418,25669.3
2023-06-06,25666,27205.1,25361.7,27064.6
2023-06-07,27070.4,27372.8,26133.4,26133.4
2023-06-08,26158.8,26815.1,26139,26579.8
2023-06-09,26578.2,26776.1,26291.4,26410.5
2023-06-12,26057,26107.5,25642.1,25931.5
2023-06-13,25931.5,26428.8,25716,25844.1
2023-06-14,25844.1,26073.1,24837.6,25119
2023-06-15,25119,25735,24760.3,25555.6
2023-06-16,25548.8,26472.1,25170.4,26378.6
2023-06-19,26402.2,27046.4,26251.9,26761.9
2023-06-20,26761.9,28284.3,26652.5,28134.2
2023-06-21,28134.2,30763.8,28108.2,29882.5
2023-06-22,29871.2,30499.5,29654.3,30060.4
2023-06-23,30060.4,31400.6,29816.9,30901.8
2023-06-26,30459.7,30666.3,29941.8,30165.5
2023-06-27,30164.4,31005.5,30105.7,30723
2023-06-28,30723.2,30739.2,29951.5,30134
2023-06-29,30134,30832.5,30047.7,30413.1
2023-06-30,30413.7,31272.9,29494.6,30377.2
2023-07-03,30562.7,31386,30433.8,31052.1
2023-07-04,31052.4,31331.1,30626.8,30810.5
2023-07-05,30806.1,30881.4,30198.2,30474.8
2023-07-06,30474.8,31487.2,29893,30222
2023-07-07,30222,30445.6,29723.8,30224.4
2023-07-10,30159.3,31043.1,29960.1,30343.4
2023-07-11,30320.1,30813,30206,30570.5
2023-07-12,30570.8,30974.2,30218.8,30355.4
2023-07-13,30355.4,31818.7,30252.5,31266.5
2023-07-14,31266.2,31627.3,29935.6,30132.8
2023-07-17,30306.6,30375.9,29674.3,30249.2
2023-07-18,30243.8,30273,29531.4,29807.5
2023-07-19,29807.5,30191.6,29762,29933.6
2023-07-20,29933.6,30417.2,29578.8,29879.3
2023-07-21,29867.5,30057.9,29724.5,29867.2
2023-07-24,29954.7,30098,28864.7,29163.8
2023-07-25,29163.6,29371.3,29045.7,29226.9
2023-07-26,29226.9,29682.8,29092.3,29467.2
2023-07-27,29467.2,29566.3,29093.3,29179.2
2023-07-28,29182.1,29527.9,29116.4,29313.9
2023-07-31,29211.3,29525.8,29105.4,29238.3
2023-08-01,29238.3,29343,28565.3,29225.7
2023-08-02,29230,30017.5,28928.7,29162.9
2023-08-03,29162.9,29398.5,28940.7,29221.4
2023-08-04,29217.1,29305.2,28940,28998.4
2023-08-07,29044.3,29241.9,28514,29162.2
2023-08-08,29162.3,30207.3,29110,29849
2023-08-09,29853.5,30117.3,29352.4,29501.2
2023-08-10,29501.2,29705.1,29307.3,29434.8
2023-08-11,29434.8,29521.4,29223.1,29360.1
2023-08-14,29344,29660.9,29076.2,29372.3
2023-08-15,29371.3,29457,29104.6,29197.8
2023-08-16,29197.8,29224.1,28842.6,28897.2
2023-08-17,28897.3,28944.3,25201,26234.7
2023-08-18,26238.8,26989.7,25621.7,26062.5
2023-08-21,26178.6,26230.6,25816.9,26192.4
2023-08-22,26192.1,26192.3,25392.4,25661.2
2023-08-23,25660.5,26805.7,25634.5,26314.8
2023-08-24,26315,26566.1,25857.2,26081.7
2023-08-25,26081.7,26296.3,25765.6,25945.3
2023-08-28,26055.6,26231.7,25864.9,25969.4
2023-08-29,25969.4,28084.6,25904.1,27661.4
2023-08-30,27664.2,27768.9,27022.3,27259.6
2023-08-31,27259.7,27560.7,25665.6,26021.4
2023-09-01,26021.4,26141.7,25332.7,25630
2023-09-04,25963,26089.1,25624,25670.5
2023-09-05,25664.9,25867.1,25571.6,25722.4
2023-09-06,25722.4,26005.7,25403.9,25710.8
2023-09-07,25709.9,26419.4,25600,26140.9
2023-09-08,26146.6,26433.6,25672.4,25874.4
2023-09-11,25892.9,26008,24910.6,25139.9
2023-09-12,25139.9,26544.5,25087,26100.9
2023-09-13,26100.6,26400.6,25761.9,26232
2023-09-14,26232,26857.1,26128.6,26535.4
2023-09-15,26542.5,26676.1,26224,26402.5
2023-09-18,26491.3,27414.7,26407.6,26843.4
2023-09-19,26843.4,27484.5,26674.9,27161.8
2023-09-20,27161.8,27391.9,26807.9,27108.2
2023-09-21,27113.7,27157,26380.2,26612.6
2023-09-22,26612.6,26739.6,26481.2,26540.4
2023-09-25,26520.4,26520.4,25994,26276.5
2023-09-26,26278.3,26392.1,26080.5,26154.1
2023-09-27,26154.1,26823.8,26095.7,26257.5
2023-09-28,26260.5,27296.3,26260.5,27004.5
2023-09-29,27002.2,27232.5,26704.8,26918.5
2023-10-02,27177.1,28495.5,27158.2,27480.2
2023-10-03,27464.4,27671.8,27165,27399.8
2023-10-04,27399.8,27833.7,27218.5,27688.1
2023-10-05,27687.7,28121.4,27365.8,27458
2023-10-06,27457.4,28048.4,27197.4,27960.3
2023-10-09,27932.8,27999.2,27322.4,27626.9
2023-10-10,27627,27737.2,27298.8,27428.7
2023-10-11,27428.7,27478.7,26541.3,26720.7
2023-10-12,26720.7,26936.9,26544.1,26749.1
2023-10-13,26749.4,26952.2,26679.2,26771.3
2023-10-16,27180.7,30006.6,27041.5,28435.1
2023-10-17,28437.2,28627.7,28089,28497.9
2023-10-18,28484.5,28890.4,28161.8,28276.5
2023-10-19,28276.5,28919.1,28146.8,28615.3
2023-10-20,28615.5,30118.1,28594.1,29544.3
2023-10-23,29761.1,31813.8,29725.4,31642.4
2023-10-24,31646.4,35179,31611.4,34144.7
2023-10-25,34138,35128.1,33691.4,34559.5
2023-10-26,34560.8,34833.3,33749.3,34113.8
2023-10-27,34114.2,34284.2,33410,33708.8
2023-10-30,34714.6,34835.5,34134,34477.6
2023-10-31,34480,34730.3,34051.5,34573.7
2023-11-01,34573.7,35592.3,34121,35285
2023-11-02,35299.6,35968.3,34332.4,34793
2023-11-03,34793.3,34951.2,34123.1,34616.2
2023-11-06,34999.4,35375.9,34757.5,35125.3
2023-11-07,35125.6,35901.3,34538.1,35298
2023-11-08,35298.3,35955.8,35119.8,35781.3
2023-11-09,35793.6,37982.5,35557.5,36559.9
2023-11-10,36549.3,37454.1,36352.6,37241.7
2023-11-13,37170.9,37429.3,36341.8,36477.7
2023-11-14,36482.5,36751.5,34960.1,35613.6
2023-11-15,35613.6,37883.8,35370.3,37724.7
2023-11-16,37726.5,37977.4,35521.7,36221.6
2023-11-17,36228,36772.1,35876.2,36468.5
2023-11-20,36999.6,37764.7,36706.4,37455
2023-11-21,37454.5,37668.3,36289.4,36382.2
2023-11-22,36393.1,37872.4,35657.9,37461
2023-11-23,37455.9,37647.9,36899.8,37310.2
2023-11-24,37310.2,38422.2,37257.5,37833.5
2023-11-27,37667.6,37667.6,36733.5,37084.6
2023-11-28,37084,38396.7,36871.7,37877.7
2023-11-29,37884.9,38386.9,37584.3,37795.1
2023-11-30,37795.6,38150.9,37516.8,37691.1
2023-12-01,37705.6,38984.9,37618.7,38775.3
2023-12-04,40085.6,42407.2,39794,41955.1
2023-12-05,41938.2,44493,41416.6,44290.9
2023-12-06,44290.9,44295.4,43399.5,43777
2023-12-07,43761.1,44046.4,42873.5,43151.2
2023-12-08,43151.2,44414.8,43107.9,44351.9
2023-12-11,43779.1,43848.3,40191.1,41266.8
2023-12-12,41267.4,42078.1,40650.7,41212.1
2023-12-13,41211.7,43448,40563.1,42977.4
2023-12-14,42972.3,43418,41784.8,43078
2023-12-15,43078,43183.3,41656.4,42229.1
2023-12-18,41674.4,42744.7,40515.1,42498.3
2023-12-19,42498.3,43430.8,41802.5,42312.1
2023-12-20,42312.1,44281.6,42193,43613
2023-12-21,43609.8,44245.8,43290.6,43957.3
2023-12-22,43957.9,44409.5,43423.1,43690.6
2023-12-26,43689.8,43689.8,41703.8,42461.5
2023-12-27,42465.9,43698.8,42107.3,43350.8
2023-12-28,43358.5,43811.9,42305.3,42643.7
2023-12-29,42647.1,43129.8,41677.7,42025.1
2024-01-02,43546.4,45915.5,43546.4,44998.4
2024-01-03,45002.8,45505.8,40823.8,42765.5
2024-01-04,42776.7,44791.8,42607.7,44377.3
2024-01-05,44377.5,44399.4,42549,43970.1
2024-01-08,43898.1,47252,43201.2,47041.9
2024-01-09,47041.9,47636.2,45198.3,46275.5
2024-01-10,46275.5,46958.7,44331.1,46911.7
2024-01-11,46914.4,48976.3,45596.9,46402.8
2024-01-12,46402.8,46512.4,43234.2,43707
2024-01-15,42223.1,43360.9,41688,42576.9
2024-01-16,42589,43562.7,42058.3,43199.5
2024-01-17,43199.1,43277.8,42176.8,42674.4
2024-01-18,42681.4,42877,40597.9,41312.9
2024-01-19,41303.7,42135.4,40259.4,41658.3
2024-01-22,41604.2,41658.8,39415.3,39784.5
2024-01-23,39794.8,40137.1,38514.1,39428.9
2024-01-24,39453.3,40517.8,39437.4,39855.2
2024-01-25,39854.9,40271.9,39523.9,39934.8
2024-01-26,39934.8,42231.5,39801.9,41942.7
2024-01-29,41827.3,43290.9,41747,43111.2
2024-01-30,43110.3,43841.3,43078.1,43326.9
2024-01-31,43324.1,43733.6,42289.3,42632.2
2024-02-01,42632.2,43267.3,41851.5,42914.7
2024-02-02,42914.7,43453.7,42522.2,42942.4
2024-02-05,42533.2,43519.5,42236.1,42449.1
2024-02-06,42448,43350.2,42406.6,43186.6
2024-02-07,43186.2,44357.3,42757.5,44151.8
2024-02-08,44151.8,45603.1,44143.8,45275.7
2024-02-09,45294.1,48206.4,45246.2,47598.6
2024-02-12,48151.9,50344.1,47714,50042.5
2024-02-13,50050.5,50391.7,48346.7,49541
2024-02-14,49542.7,52019.9,49252.3,51847
2024-02-15,51840.6,52836.5,51364.4,51695
2024-02-16,51696.1,52599.4,51614.2,51866.1
2024-02-19,52256.9,52495.3,51685.7,51939.4
2024-02-20,51949.1,52968,50765.8,52202.6
2024-02-21,52178.7,52516,50648.5,51515
2024-02-22,51511.3,52028,50915.9,51445.8
2024-02-23,51422.8,51516.6,50643.6,51077.4
2024-02-26,51713.7,54948,50914.6,54695.6
2024-02-27,54695.6,57564.2,54478,56915.8
2024-02-28,56932.3,64076.2,56725.3,61304.1
2024-02-29,61318,63684.1,60376.9,61260.2
2024-03-01,61274.8,63179.9,60798,62749
2024-03-04,62870.5,67997.6,62409.8,67997.6
2024-03-05,68002.2,68992.1,60343.8,63491.2
2024-03-06,63469.8,67634.7,62832.6,65997.8
2024-03-07,65949.5,68048,65608.1,67204.3
2024-03-08,67198.4,69981.9,66315.6,69179.7
2024-03-11,68503.9,72858.6,67640.2,72455.8
2024-03-12,72455.3,72813,69082.7,71167.2
2024-03-13,71167.2,73671.3,71041.3,72987.9
2024-03-14,72987.9,73532.1,68669,71514.3
2024-03-15,71503.6,72387.7,65630.1,67918.1
2024-03-18,68201.1,68907.5,66570.8,67691.9
2024-03-19,67688.3,68100.8,62424.3,62584.4
2024-03-20,62579,67908.4,60792.8,67489.5
2024-03-21,67488.6,67649.3,64549.8,65385.1
2024-03-22,65377.4,66632,62600.5,63493.2
2024-03-25,66947.3,71169.3,66387.3,70324.9
2024-03-26,70324.9,71580.4,69313.9,70250.3
2024-03-27,70250.8,71756,68378.4,69415.5
2024-03-28,69415.5,71561.9,68852,70863.1
2024-04-01,70876.2,71371.4,68180.7,69612.6
2024-04-02,69619.9,69900.7,64570.7,65708.2
2024-04-03,65718.5,66930.3,64545.2,65927.4
2024-04-04,65949.1,69323.6,65084.2,67787.4
2024-04-05,67806.2,68754.5,65990.4,67412.2
2024-04-08,69056.4,72725.1,68908,71697.9
2024-04-09,71685.1,71993.7,68221.2,69182.1
2024-04-10,69183,70135.5,67483.6,70015.2
2024-04-11,70015.2,71271.2,69556.5,70120.3
2024-04-12,70120.8,71233.6,65641.3,66758.7
2024-04-15,63796.2,66905.2,62311.1,63273.9
2024-04-16,63296.7,64349.2,61726.4,64029
2024-04-17,64020,64489.9,59687.5,61291.4
2024-04-18,61326.7,64147.7,60822.8,63547.7
2024-04-19,63514.6,65483.1,59607.8,64264
2024-04-22,64667.1,66849.3,64519,66546.4
2024-04-23,66571.6,67239.5,65821.5,66350.3
2024-04-24,66350.3,67073.1,63559.8,64337.2
2024-04-25,64333.5,65237.1,62755.7,64683
2024-04-26,64672.5,64813.8,63322.3,63811.7
2024-04-29,63577.6,63721.4,61834.5,63092.2
2024-04-30,63086.7,64698.5,59113.8,60113.1
2024-05-01,60106.9,60984.5,56509.9,57800.7
2024-05-02,57822.1,59581.9,56898.6,59115.6
2024-05-03,59112.8,62163.1,58817.3,62035.5
2024-05-06,63839.8,65484,62699.4,63555.4
2024-05-07,63542.8,64396.4,62792.7,63078.3
2024-05-08,63076.3,63122.5,61378.6,61474.1
2024-05-09,61451.1,62809.7,60621.4,62533.6
2024-05-10,62543.7,63457,60182.5,60620
2024-05-13,61223.8,63437.6,60737.1,62893
2024-05-14,62909.6,63100.6,61118.3,61672.4
2024-05-15,61672.4,66442,61307.9,65895.2
2024-05-16,65915.2,66744.5,64609.9,65468.1
2024-05-17,65468.1,67474.1,65113.4,66953.6
2024-05-20,66278.7,70285.9,66060.6,69707.2
2024-05-21,69744.7,71957.4,69148.6,69756.8
2024-05-22,69702.4,70592,68923.2,69469.5
2024-05-23,69479.1,70036.3,66494.2,67872
2024-05-24,67946.7,69223.7,66611.6,69160.1
2024-05-27,68470.1,70600.5,68205.3,69734
2024-05-28,69701.4,69701.4,67235,68314.4
2024-05-29,68302.2,68853.4,67097.8,67626
2024-05-30,67611.8,69472.9,67099.2,68392.9
2024-05-31,68392.9,68986.9,66627.1,67658.9
2024-06-03,67776.8,70266.6,67573,69062.6
2024-06-04,69069.8,71059.5,68547.1,70620.4
2024-06-05,70620.4,71767.4,70382.3,71145
2024-06-06,71146,71630.6,70100.6,70718.3
2024-06-07,70718.3,71924.8,68769.1,69188.3
2024-06-10,69773.9,70165.5,69166.3,69566.6
2024-06-11,69568.1,69572.9,66022.2,67382.7
2024-06-12,67390.8,69999.5,66898.5,68513.7
2024-06-13,68513.7,68517.5,66299.3,66930.3
2024-06-14,66943.3,67321,65033,65470.7
2024-06-17,66522.9,67248.1,65074.9,66527.4
2024-06-18,66541.5,66685.3,64048.7,65184.3
2024-06-19,65184.3,65712.5,64650.8,64978.5
2024-06-20,64978.5,66455.3,64514.4,65004.2
2024-06-21,65004.2,65100.7,63403,64305.3
2024-06-24,63794.6,63794.6,58495.2,60036.2
2024-06-25,60075.5,62381.8,59941.6,61905.7
2024-06-26,61908.3,62468.7,60683.2,61013.1
2024-06-27,61006.4,62322.3,60561.6,61448.8
2024-06-28,61453.7,62150,59977.2,60064
2024-07-01,61843.6,63790.5,61843.6,63077.5
2024-07-02,63045.7,63216.3,61735.6,61858.9
2024-07-03,61858.9,62190.2,59350.7,60203.2
2024-07-04,60176,60431.3,56729.8,58461.4
2024-07-05,58460.3,58731.6,53742.3,56481.2
2024-07-08,56571.6,57904.5,54276.1,56666.8
2024-07-09,56637.6,58249.5,56291.7,57799.1
2024-07-10,57815.1,59421.9,57150.6,57445.5
2024-07-11,57424.4,59352.4,57108.5,57458.3
2024-07-12,57458.3,58536,56542.5,57657.1
2024-07-15,61387.7,63845.9,60664.5,63564.3
2024-07-16,63564.3,65207.3,62402.8,64522.3
2024-07-17,64516.5,66104.7,63867.5,64323.9
2024-07-18,64322.7,65110.9,63233.1,63837.3
2024-07-19,63837.3,67404,63293.5,66977.4
2024-07-22,68222.5,68476.2,66577,67853.6
2024-07-23,67866.5,67875.2,65475,65880
2024-07-24,65880,67105,65192.8,65618
2024-07-25,65658.5,65980.9,63437.2,65818.9
2024-07-26,65821,68133.8,65620.6,67928.3
2024-07-29,68032.7,70020.6,66440.7,67492.7
2024-07-30,67481.8,67545.6,65287.3,66283.5
2024-07-31,66302.4,66805.6,64499,64953.6
2024-08-01,64962.4,65290.7,62256.8,64818.8
2024-08-02,64849.5,65558.2,62390.8,62631.5
2024-08-05,58448,59100.9,49060.2,54426.5
2024-08-06,54375.9,57046.6,53921.4,56491.7
2024-08-07,56479.6,57713.3,54676.4,55435.7
2024-08-08,55425.6,61341,54579.1,61090.3
2024-08-09,61202.1,62662.5,59668.7,60732.3
2024-08-12,59015.8,60611.5,57672.1,58976.1
2024-08-13,58976.5,61587.7,58487.3,61037.3
2024-08-14,61041.4,61781.4,58675.4,58918.4
2024-08-15,58931.3,59838.6,56112.9,57638.5
2024-08-16,57600.3,59840.8,57152.6,59698.6
2024-08-19,59455.1,59590.1,57843.9,58980.6
2024-08-20,58992.5,61396,58606.3,59297.5
2024-08-21,59292.2,61830.3,58814.1,61238.4
2024-08-22,61238.4,61511.9,59796.8,60548.8
2024-08-23,60559,63841.4,60311.8,63622.1
2024-08-26,64422.6,65024.1,62899,63170.3
2024-08-27,63167.2,63291.5,59999.5,60412
2024-08-28,60394.1,60394.1,57873,59118.4
2024-08-29,59121.5,61175.5,58851.2,59496.1
2024-08-30,59495.4,59878.4,57730.3,58776.8
2024-09-02,58341,59264.8,57131.1,59037.1
2024-09-03,59041.2,59803.2,57554.2,58097.3
2024-09-04,58122.9,58519.9,55686.1,58093.6
2024-09-05,58093.9,58383.5,55710.9,56130.8
2024-09-06,56130.5,56971.9,53233.1,53512.8
2024-09-09,54483.7,57941.1,54336.8,57464.6
2024-09-10,57458.3,58040.3,56399.9,57503.9
2024-09-11,57514.2,57981.7,55559.2,57353.2
2024-09-12,57357.2,58525,57225.2,57916.6
2024-09-13,57905.5,60012.8,57644.8,59693.6
2024-09-16,59667.6,59691.8,57481.5,57977
2024-09-17,57967.9,61323.7,57609.9,60338.7
2024-09-18,60329.6,61318.8,59206.6,60201.4
2024-09-19,60201.4,63863.4,60201.4,62899
2024-09-20,62880.8,64108.7,62352.6,62865.4
2024-09-23,62756.5,64732.4,62383.4,63386.2
2024-09-24,63370.9,64575.7,62718.3,64027
2024-09-25,64027,64808.3,62995.3,63427.2
2024-09-26,63427.2,65825.8,62654.6,65063.9
2024-09-27,65058.8,66469,64742.5,65719.8
2024-09-30,65852.7,65988.7,63042.5,63686.5
2024-10-01,63686.5,64121,60151.8,61153.1
2024-10-02,61110.1,62347.6,59983.3,60815.7
2024-10-03,60815.4,61466.9,59861.9,60799.8
2024-10-04,60799.8,62462.5,60449.9,62343.7
2024-10-07,62309.5,64437.5,62309.5,63355.2
2024-10-08,63355.2,63355.2,61838.3,62401.3
2024-10-09,62398.9,62504.2,60295.8,60850.9
2024-10-10,60820.9,61245.2,58867.1,60122.1
2024-10-11,60130.8,63401,59880.9,63022.6
2024-10-14,62881.6,66262.9,62432.4,65777.7
2024-10-15,65775.6,67848.5,64816.7,66421.3
2024-10-16,66415.6,68395.7,66392.2,67556.6
2024-10-17,67569.8,67926,66642.2,67064.5
2024-10-18,67080.7,68993.1,67080.7,68585.2
2024-10-21,68779.5,69488.3,66806,67786.4
2024-10-22,67771.7,67851.3,66545.1,67486.4
2024-10-23,67484.5,67785.1,65177.1,66343.7
2024-10-24,66343.7,68801.3,66278.7,68306.4
2024-10-25,68306.4,68726.1,65873.5,66786.4
2024-10-28,68030.4,70192.1,67522.4,69912.9
2024-10-29,69920.7,73605.7,69694.1,72616.8
2024-10-30,72637.9,72930.9,71409.6,72374.6
2024-10-31,72363,72677.5,69586.5,70371.9
2024-11-01,70368.5,71587,68763.9,69192.6
2024-11-04,68848.7,69456.5,66787.7,67885.4
2024-11-05,67896.9,70523.3,67433.1,69586
2024-11-06,69586,76467.2,69287.5,75684.1
2024-11-07,75684.1,76934.9,74460.7,75908.2
2024-11-08,75908.2,77264.8,75640.6,76677.7
2024-11-11,80588.6,88465.8,80019.8,88143.7
2024-11-12,88080.1,90018.7,85138.9,88638.3
2024-11-13,88650.1,93470.1,86245.5,89785.1
2024-11-14,89791.5,91800.3,87035.2,87718.5
2024-11-15,87647.7,91497.1,86672.3,91283.3
2024-11-18,89503.8,92601.1,89336.7,91239.2
2024-11-19,91230,94007,90310.5,91942.1
2024-11-20,91942.1,94900,91631.3,94225.8
2024-11-21,94225.8,99047.1,93841.2,98427.1
2024-11-22,98441.6,99668.1,97198.7,99189.6
2024-11-25,98092.1,98960.9,92588.3,94373.4
2024-11-26,94373.4,94992,90771.2,91754.9
2024-11-27,91731.3,97354.8,91570.8,96132.5
2024-11-28,96143.6,96658.5,94667.3,95650.7
2024-11-29,95657.1,98716.6,95374.3,97373.8
2024-12-02,97647.6,98188.4,94400.1,95406.1
2024-12-03,95378.8,96310.3,93601.4,96151
2024-12-04,96180.6,99213.2,94670,98312.9
2024-12-05,98312.9,104061,93083.8,96737.9
2024-12-06,96741.7,102079,95606.8,101517
2024-12-09,100289,101406,94879.3,96993.2
2024-12-10,96993.2,98284.9,94311.1,96898.2
2024-12-11,96897.3,101951,95714.8,101252
2024-12-12,101259,102541,99329.5,100467
2024-12-13,100484,101903,99223,101631
2024-12-16,103229,107809,103229,105844
2024-12-17,105844,108323,105346,105982
2024-12-18,105962,106481,100237,101110
2024-12-19,101091,102746,95581.2,98219.2
2024-12-20,98222.1,98271.4,92159.9,96413.4
2024-12-23,95402.5,96426.4,92386.4,95049.8
2024-12-24,95074.2,99423.3,93435.2,98705.9
2024-12-26,98771.2,99843.2,95097.7,95708.4
2024-12-27,95707.5,97234.6,93343.6,94500
2024-12-30,93060.4,94918,91309.1,92611.4
2024-12-31,92617.4,96105.7,91901.6,93315.7
2025-01-02,94606.4,97735.4,94200,96812.9
2025-01-03,96812.9,98934.4,96019.9,98303.2
2025-01-06,98652.4,102458,97900,102041
2025-01-07,102041,102721,96134.4,97128.8
2025-01-08,97138.3,97251.6,92520.6,95261.6
2025-01-09,95262.5,95351.6,91195.9,92466.7
2025-01-10,92451.3,95774.4,92033.5,94616.3
2025-01-13,93910.8,95857.9,89554.3,94360.9
2025-01-14,94360.9,97346.3,94147.7,96688.4
2025-01-15,96647.3,100699,96465.5,99708.8
2025-01-16,99717.7,100853,97346.3,99820.3
2025-01-17,99785.4,105925,99723.7,104748
2025-01-20,103002,109118,99476.7,103466
2025-01-21,103519,107215,100092,106013
2025-01-22,106064,106314,103327,103803
2025-01-23,103816,106722,101235,103996
2025-01-24,103969,107147,102734,105020
2025-01-27,104284,104284,97777.5,101607
2025-01-28,101597,103658,100214,101199
2025-01-29,101198,104758,100722,103488
2025-01-30,103475,106422,103335,105119
2025-01-31,105104,105999,101578,101597
2025-02-03,97930.7,102565,91583.4,101715
2025-02-04,101770,101930,96181.5,97688.6
2025-02-05,97708.7,99095.2,96264.9,96502.7
2025-02-06,96445,99155.1,95697.4,96945.2
2025-02-07,96955.5,100191,95664.4,95919.5
2025-02-10,95918.6,98337.1,95645.2,97427.9
2025-02-11,97389,98490.1,94859.5,95537.4
2025-02-12,95580.3,98117.1,94139.7,97817.6
2025-02-13,97790.9,98094.9,95244.4,96360.4
2025-02-14,96417.1,98844.5,96285.3,97153.4
2025-02-17,96890.7,97030.8,95222.6,95867.1
2025-02-18,95887.3,96686.5,93341.9,95267.1
2025-02-19,95257.1,96680.9,94989.3,96527.8
2025-02-20,96526.9,98741,96405.9,98149.8
2025-02-21,98149.8,99502.4,94827.1,95143.8
2025-02-24,95787.2,96502.7,92371.9,92437.6
2025-02-25,92425.7,92847,85957.1,88719.3
2025-02-26,88718.5,89297.6,82579.1,84219.7
2025-02-27,84227.5,86968.6,82601.6,84604.5
2025-02-28,84608,85071.6,78222.1,84128.3
2025-03-03,94273.8,94805.6,89168.6,90396.2
